<design name="buzzer">
	<external name="cell_lib">
		<module name="LUT3" type="LUT">
			<port name="ADR0" direction="input"/>
			<port name="ADR1" direction="input"/>
			<port name="ADR2" direction="input"/>
			<port name="O" direction="output"/>
		</module>
		<module name="LUT4" type="LUT">
			<port name="ADR0" direction="input"/>
			<port name="ADR1" direction="input"/>
			<port name="ADR2" direction="input"/>
			<port name="ADR3" direction="input"/>
			<port name="O" direction="output"/>
		</module>
		<module name="LUT2" type="LUT">
			<port name="ADR0" direction="input"/>
			<port name="ADR1" direction="input"/>
			<port name="O" direction="output"/>
		</module>
		<module name="EDFFHQ" type="FFLATCH">
			<property name="edge" value="rise"/>
			<port name="D" direction="input"/>
			<port name="E" direction="input" type="enable"/>
			<port name="CK" direction="input" type="clock"/>
			<port name="Q" direction="output"/>
		</module>
		<module name="DFFRHQ" type="FFLATCH">
			<property name="edge" value="rise"/>
			<port name="D" direction="input"/>
			<port name="CK" direction="input" type="clock"/>
			<port name="RN" direction="input" type="reset"/>
			<port name="Q" direction="output"/>
		</module>
		<module name="CLKBUF" type="COMB">
			<property name="truthtable" value="1"/>
			<port name="I" direction="input"/>
			<port name="O" direction="output"/>
		</module>
		<module name="IBUF" type="COMB">
			<property name="truthtable" value="1"/>
			<port name="I" direction="input"/>
			<port name="O" direction="output"/>
		</module>
		<module name="IPAD" type="MACRO">
			<port name="PAD" direction="input"/>
		</module>
		<module name="OBUF" type="COMB">
			<property name="truthtable" value="1"/>
			<port name="I" direction="input"/>
			<port name="O" direction="output"/>
		</module>
		<module name="OPAD" type="MACRO">
			<port name="PAD" direction="output"/>
		</module>
		<module name="LOGIC_1" type="MACRO">
			<property name="truthtable" value="|1"/>
			<port name="LOGIC_1_PIN" direction="output"/>
		</module>
		<module name="LOGIC_0" type="MACRO">
			<property name="truthtable" value="|0"/>
			<port name="LOGIC_0_PIN" direction="output"/>
		</module>
	</external>
	<library name="work_lib">
		<module name="buzzer" type="GENERIC">
			<port name="buzzer" direction="output"/>
			<port name="clk" direction="input"/>
			<port name="rst" direction="input"/>
			<contents>
				<instance name="id00001" moduleRef="LUT3" libraryRef="cell_lib">
					<property name="INIT" value="F4"/>
				</instance>
				<instance name="id00002" moduleRef="LUT3" libraryRef="cell_lib">
					<property name="INIT" value="40"/>
				</instance>
				<instance name="id00003" moduleRef="LUT3" libraryRef="cell_lib">
					<property name="INIT" value="10"/>
				</instance>
				<instance name="id00004" moduleRef="LUT4" libraryRef="cell_lib">
					<property name="INIT" value="1000"/>
				</instance>
				<instance name="id00005" moduleRef="LUT3" libraryRef="cell_lib">
					<property name="INIT" value="60"/>
				</instance>
				<instance name="id00006" moduleRef="LUT3" libraryRef="cell_lib">
					<property name="INIT" value="10"/>
				</instance>
				<instance name="id00007" moduleRef="LUT4" libraryRef="cell_lib">
					<property name="INIT" value="4200"/>
				</instance>
				<instance name="id00008" moduleRef="LUT2" libraryRef="cell_lib">
					<property name="INIT" value="4"/>
				</instance>
				<instance name="id00009" moduleRef="LUT4" libraryRef="cell_lib">
					<property name="INIT" value="FF10"/>
				</instance>
				<instance name="id00010" moduleRef="LUT3" libraryRef="cell_lib">
					<property name="INIT" value="10"/>
				</instance>
				<instance name="id00011" moduleRef="LUT3" libraryRef="cell_lib">
					<property name="INIT" value="80"/>
				</instance>
				<instance name="id00012" moduleRef="LUT3" libraryRef="cell_lib">
					<property name="INIT" value="80"/>
				</instance>
				<instance name="id00013" moduleRef="LUT3" libraryRef="cell_lib">
					<property name="INIT" value="60"/>
				</instance>
				<instance name="id00014" moduleRef="LUT3" libraryRef="cell_lib">
					<property name="INIT" value="01"/>
				</instance>
				<instance name="id00015" moduleRef="LUT3" libraryRef="cell_lib">
					<property name="INIT" value="F4"/>
				</instance>
				<instance name="id00016" moduleRef="LUT3" libraryRef="cell_lib">
					<property name="INIT" value="40"/>
				</instance>
				<instance name="id00017" moduleRef="LUT3" libraryRef="cell_lib">
					<property name="INIT" value="10"/>
				</instance>
				<instance name="id00018" moduleRef="LUT4" libraryRef="cell_lib">
					<property name="INIT" value="1000"/>
				</instance>
				<instance name="id00019" moduleRef="LUT4" libraryRef="cell_lib">
					<property name="INIT" value="0EEE"/>
				</instance>
				<instance name="id00020" moduleRef="LUT2" libraryRef="cell_lib">
					<property name="INIT" value="6"/>
				</instance>
				<instance name="id00021" moduleRef="LUT4" libraryRef="cell_lib">
					<property name="INIT" value="8000"/>
				</instance>
				<instance name="id00022" moduleRef="LUT4" libraryRef="cell_lib">
					<property name="INIT" value="8000"/>
				</instance>
				<instance name="id00023" moduleRef="LUT4" libraryRef="cell_lib">
					<property name="INIT" value="4000"/>
				</instance>
				<instance name="id00024" moduleRef="LUT4" libraryRef="cell_lib">
					<property name="INIT" value="0001"/>
				</instance>
				<instance name="id00025" moduleRef="LUT3" libraryRef="cell_lib">
					<property name="INIT" value="78"/>
				</instance>
				<instance name="id00026" moduleRef="LUT2" libraryRef="cell_lib">
					<property name="INIT" value="6"/>
				</instance>
				<instance name="id00027" moduleRef="LUT3" libraryRef="cell_lib">
					<property name="INIT" value="80"/>
				</instance>
				<instance name="id00028" moduleRef="LUT3" libraryRef="cell_lib">
					<property name="INIT" value="78"/>
				</instance>
				<instance name="id00029" moduleRef="LUT3" libraryRef="cell_lib">
					<property name="INIT" value="14"/>
				</instance>
				<instance name="id00030" moduleRef="LUT4" libraryRef="cell_lib">
					<property name="INIT" value="0708"/>
				</instance>
				<instance name="id00031" moduleRef="LUT3" libraryRef="cell_lib">
					<property name="INIT" value="14"/>
				</instance>
				<instance name="id00032" moduleRef="LUT3" libraryRef="cell_lib">
					<property name="INIT" value="80"/>
				</instance>
				<instance name="id00033" moduleRef="LUT3" libraryRef="cell_lib">
					<property name="INIT" value="14"/>
				</instance>
				<instance name="id00034" moduleRef="LUT4" libraryRef="cell_lib">
					<property name="INIT" value="8000"/>
				</instance>
				<instance name="id00035" moduleRef="LUT4" libraryRef="cell_lib">
					<property name="INIT" value="0708"/>
				</instance>
				<instance name="id00036" moduleRef="LUT4" libraryRef="cell_lib">
					<property name="INIT" value="7F80"/>
				</instance>
				<instance name="id00037" moduleRef="LUT2" libraryRef="cell_lib">
					<property name="INIT" value="6"/>
				</instance>
				<instance name="id00038" moduleRef="LUT4" libraryRef="cell_lib">
					<property name="INIT" value="8000"/>
				</instance>
				<instance name="id00039" moduleRef="LUT4" libraryRef="cell_lib">
					<property name="INIT" value="0708"/>
				</instance>
				<instance name="id00040" moduleRef="LUT3" libraryRef="cell_lib">
					<property name="INIT" value="14"/>
				</instance>
				<instance name="id00041" moduleRef="LUT3" libraryRef="cell_lib">
					<property name="INIT" value="80"/>
				</instance>
				<instance name="id00042" moduleRef="LUT2" libraryRef="cell_lib">
					<property name="INIT" value="6"/>
				</instance>
				<instance name="id00043" moduleRef="LUT4" libraryRef="cell_lib">
					<property name="INIT" value="8000"/>
				</instance>
				<instance name="id00044" moduleRef="LUT3" libraryRef="cell_lib">
					<property name="INIT" value="78"/>
				</instance>
				<instance name="id00045" moduleRef="LUT3" libraryRef="cell_lib">
					<property name="INIT" value="14"/>
				</instance>
				<instance name="id00046" moduleRef="LUT3" libraryRef="cell_lib">
					<property name="INIT" value="80"/>
				</instance>
				<instance name="id00047" moduleRef="LUT2" libraryRef="cell_lib">
					<property name="INIT" value="1"/>
				</instance>
				<instance name="id00048" moduleRef="LUT3" libraryRef="cell_lib">
					<property name="INIT" value="1C"/>
				</instance>
				<instance name="id00049" moduleRef="LUT3" libraryRef="cell_lib">
					<property name="INIT" value="78"/>
				</instance>
				<instance name="id00050" moduleRef="LUT3" libraryRef="cell_lib">
					<property name="INIT" value="14"/>
				</instance>
				<instance name="id00051" moduleRef="LUT3" libraryRef="cell_lib">
					<property name="INIT" value="80"/>
				</instance>
				<instance name="id00052" moduleRef="LUT3" libraryRef="cell_lib">
					<property name="INIT" value="78"/>
				</instance>
				<instance name="id00053" moduleRef="LUT2" libraryRef="cell_lib">
					<property name="INIT" value="4"/>
				</instance>
				<instance name="id00054" moduleRef="LUT2" libraryRef="cell_lib">
					<property name="INIT" value="1"/>
				</instance>
				<instance name="id00055" moduleRef="LUT3" libraryRef="cell_lib">
					<property name="INIT" value="40"/>
				</instance>
				<instance name="id00056" moduleRef="LUT2" libraryRef="cell_lib">
					<property name="INIT" value="6"/>
				</instance>
				<instance name="id00057" moduleRef="LUT4" libraryRef="cell_lib">
					<property name="INIT" value="0708"/>
				</instance>
				<instance name="id00058" moduleRef="LUT2" libraryRef="cell_lib">
					<property name="INIT" value="4"/>
				</instance>
				<instance name="id00059" moduleRef="LUT4" libraryRef="cell_lib">
					<property name="INIT" value="7F80"/>
				</instance>
				<instance name="id00060" moduleRef="LUT2" libraryRef="cell_lib">
					<property name="INIT" value="6"/>
				</instance>
				<instance name="id00061" moduleRef="LUT4" libraryRef="cell_lib">
					<property name="INIT" value="8000"/>
				</instance>
				<instance name="id00062" moduleRef="LUT2" libraryRef="cell_lib">
					<property name="INIT" value="4"/>
				</instance>
				<instance name="id00063" moduleRef="LUT4" libraryRef="cell_lib">
					<property name="INIT" value="07F0"/>
				</instance>
				<instance name="id00064" moduleRef="LUT4" libraryRef="cell_lib">
					<property name="INIT" value="0708"/>
				</instance>
				<instance name="id00065" moduleRef="LUT3" libraryRef="cell_lib">
					<property name="INIT" value="80"/>
				</instance>
				<instance name="id00066" moduleRef="LUT2" libraryRef="cell_lib">
					<property name="INIT" value="4"/>
				</instance>
				<instance name="id00067" moduleRef="LUT4" libraryRef="cell_lib">
					<property name="INIT" value="7F80"/>
				</instance>
				<instance name="id00068" moduleRef="LUT2" libraryRef="cell_lib">
					<property name="INIT" value="6"/>
				</instance>
				<instance name="id00069" moduleRef="LUT4" libraryRef="cell_lib">
					<property name="INIT" value="8000"/>
				</instance>
				<instance name="id00070" moduleRef="LUT2" libraryRef="cell_lib">
					<property name="INIT" value="4"/>
				</instance>
				<instance name="id00071" moduleRef="LUT2" libraryRef="cell_lib">
					<property name="INIT" value="1"/>
				</instance>
				<instance name="id00072" moduleRef="LUT3" libraryRef="cell_lib">
					<property name="INIT" value="14"/>
				</instance>
				<instance name="id00073" moduleRef="LUT4" libraryRef="cell_lib">
					<property name="INIT" value="0708"/>
				</instance>
				<instance name="id00074" moduleRef="LUT3" libraryRef="cell_lib">
					<property name="INIT" value="14"/>
				</instance>
				<instance name="id00075" moduleRef="LUT3" libraryRef="cell_lib">
					<property name="INIT" value="78"/>
				</instance>
				<instance name="id00076" moduleRef="LUT2" libraryRef="cell_lib">
					<property name="INIT" value="4"/>
				</instance>
				<instance name="id00077" moduleRef="LUT4" libraryRef="cell_lib">
					<property name="INIT" value="00BF"/>
				</instance>
				<instance name="id00078" moduleRef="LUT2" libraryRef="cell_lib">
					<property name="INIT" value="6"/>
				</instance>
				<instance name="id00079" moduleRef="LUT3" libraryRef="cell_lib">
					<property name="INIT" value="78"/>
				</instance>
				<instance name="id00080" moduleRef="LUT2" libraryRef="cell_lib">
					<property name="INIT" value="6"/>
				</instance>
				<instance name="id00081" moduleRef="LUT3" libraryRef="cell_lib">
					<property name="INIT" value="80"/>
				</instance>
				<instance name="id00082" moduleRef="LUT4" libraryRef="cell_lib">
					<property name="INIT" value="3C50"/>
				</instance>
				<instance name="id00083" moduleRef="LUT2" libraryRef="cell_lib">
					<property name="INIT" value="4"/>
				</instance>
				<instance name="id00084" moduleRef="LUT2" libraryRef="cell_lib">
					<property name="INIT" value="1"/>
				</instance>
				<instance name="id00085" moduleRef="LUT3" libraryRef="cell_lib">
					<property name="INIT" value="1C"/>
				</instance>
				<instance name="id00086" moduleRef="LUT3" libraryRef="cell_lib">
					<property name="INIT" value="78"/>
				</instance>
				<instance name="id00087" moduleRef="LUT4" libraryRef="cell_lib">
					<property name="INIT" value="7F80"/>
				</instance>
				<instance name="id00088" moduleRef="LUT3" libraryRef="cell_lib">
					<property name="INIT" value="14"/>
				</instance>
				<instance name="id00089" moduleRef="LUT4" libraryRef="cell_lib">
					<property name="INIT" value="8000"/>
				</instance>
				<instance name="id00090" moduleRef="LUT2" libraryRef="cell_lib">
					<property name="INIT" value="4"/>
				</instance>
				<instance name="id00091" moduleRef="LUT2" libraryRef="cell_lib">
					<property name="INIT" value="1"/>
				</instance>
				<instance name="id00092" moduleRef="LUT2" libraryRef="cell_lib">
					<property name="INIT" value="1"/>
				</instance>
				<instance name="id00093" moduleRef="LUT2" libraryRef="cell_lib">
					<property name="INIT" value="1"/>
				</instance>
				<instance name="id00094" moduleRef="LUT4" libraryRef="cell_lib">
					<property name="INIT" value="CAFF"/>
				</instance>
				<instance name="id00095" moduleRef="LUT4" libraryRef="cell_lib">
					<property name="INIT" value="CFA0"/>
				</instance>
				<instance name="id00096" moduleRef="LUT4" libraryRef="cell_lib">
					<property name="INIT" value="FC0A"/>
				</instance>
				<instance name="id00097" moduleRef="LUT4" libraryRef="cell_lib">
					<property name="INIT" value="88F0"/>
				</instance>
				<instance name="id00098" moduleRef="EDFFHQ" libraryRef="cell_lib">
					<property name="INIT" value="0"/>
				</instance>
				<instance name="id00099" moduleRef="EDFFHQ" libraryRef="cell_lib">
					<property name="INIT" value="0"/>
				</instance>
				<instance name="id00100" moduleRef="EDFFHQ" libraryRef="cell_lib">
					<property name="INIT" value="0"/>
				</instance>
				<instance name="id00101" moduleRef="EDFFHQ" libraryRef="cell_lib">
					<property name="INIT" value="0"/>
				</instance>
				<instance name="id00102" moduleRef="EDFFHQ" libraryRef="cell_lib">
					<property name="INIT" value="0"/>
				</instance>
				<instance name="id00103" moduleRef="EDFFHQ" libraryRef="cell_lib">
					<property name="INIT" value="0"/>
				</instance>
				<instance name="id00104" moduleRef="DFFRHQ" libraryRef="cell_lib">
					<property name="INIT" value="0"/>
				</instance>
				<instance name="id00105" moduleRef="DFFRHQ" libraryRef="cell_lib">
					<property name="INIT" value="0"/>
				</instance>
				<instance name="id00106" moduleRef="DFFRHQ" libraryRef="cell_lib">
					<property name="INIT" value="0"/>
				</instance>
				<instance name="id00107" moduleRef="DFFRHQ" libraryRef="cell_lib">
					<property name="INIT" value="0"/>
				</instance>
				<instance name="id00108" moduleRef="DFFRHQ" libraryRef="cell_lib">
					<property name="INIT" value="0"/>
				</instance>
				<instance name="id00109" moduleRef="DFFRHQ" libraryRef="cell_lib">
					<property name="INIT" value="0"/>
				</instance>
				<instance name="id00110" moduleRef="DFFRHQ" libraryRef="cell_lib">
					<property name="INIT" value="0"/>
				</instance>
				<instance name="id00111" moduleRef="DFFRHQ" libraryRef="cell_lib">
					<property name="INIT" value="0"/>
				</instance>
				<instance name="id00112" moduleRef="DFFRHQ" libraryRef="cell_lib">
					<property name="INIT" value="0"/>
				</instance>
				<instance name="id00113" moduleRef="DFFRHQ" libraryRef="cell_lib">
					<property name="INIT" value="0"/>
				</instance>
				<instance name="id00114" moduleRef="DFFRHQ" libraryRef="cell_lib">
					<property name="INIT" value="0"/>
				</instance>
				<instance name="id00115" moduleRef="DFFRHQ" libraryRef="cell_lib">
					<property name="INIT" value="0"/>
				</instance>
				<instance name="id00116" moduleRef="DFFRHQ" libraryRef="cell_lib">
					<property name="INIT" value="0"/>
				</instance>
				<instance name="id00117" moduleRef="DFFRHQ" libraryRef="cell_lib">
					<property name="INIT" value="0"/>
				</instance>
				<instance name="id00118" moduleRef="DFFRHQ" libraryRef="cell_lib">
					<property name="INIT" value="0"/>
				</instance>
				<instance name="id00119" moduleRef="DFFRHQ" libraryRef="cell_lib">
					<property name="INIT" value="0"/>
				</instance>
				<instance name="id00120" moduleRef="DFFRHQ" libraryRef="cell_lib">
					<property name="INIT" value="0"/>
				</instance>
				<instance name="id00121" moduleRef="DFFRHQ" libraryRef="cell_lib">
					<property name="INIT" value="0"/>
				</instance>
				<instance name="id00122" moduleRef="DFFRHQ" libraryRef="cell_lib">
					<property name="INIT" value="0"/>
				</instance>
				<instance name="id00123" moduleRef="DFFRHQ" libraryRef="cell_lib">
					<property name="INIT" value="0"/>
				</instance>
				<instance name="id00124" moduleRef="DFFRHQ" libraryRef="cell_lib">
					<property name="INIT" value="0"/>
				</instance>
				<instance name="id00125" moduleRef="DFFRHQ" libraryRef="cell_lib">
					<property name="INIT" value="0"/>
				</instance>
				<instance name="id00126" moduleRef="DFFRHQ" libraryRef="cell_lib">
					<property name="INIT" value="0"/>
				</instance>
				<instance name="id00127" moduleRef="DFFRHQ" libraryRef="cell_lib">
					<property name="INIT" value="0"/>
				</instance>
				<instance name="id00128" moduleRef="DFFRHQ" libraryRef="cell_lib">
					<property name="INIT" value="0"/>
				</instance>
				<instance name="id00129" moduleRef="DFFRHQ" libraryRef="cell_lib">
					<property name="INIT" value="0"/>
				</instance>
				<instance name="id00130" moduleRef="DFFRHQ" libraryRef="cell_lib">
					<property name="INIT" value="0"/>
				</instance>
				<instance name="id00131" moduleRef="DFFRHQ" libraryRef="cell_lib">
					<property name="INIT" value="0"/>
				</instance>
				<instance name="id00132" moduleRef="DFFRHQ" libraryRef="cell_lib">
					<property name="INIT" value="0"/>
				</instance>
				<instance name="id00133" moduleRef="DFFRHQ" libraryRef="cell_lib">
					<property name="INIT" value="0"/>
				</instance>
				<instance name="id00134" moduleRef="DFFRHQ" libraryRef="cell_lib">
					<property name="INIT" value="0"/>
				</instance>
				<instance name="id00135" moduleRef="DFFRHQ" libraryRef="cell_lib">
					<property name="INIT" value="0"/>
				</instance>
				<instance name="id00136" moduleRef="DFFRHQ" libraryRef="cell_lib">
					<property name="INIT" value="0"/>
				</instance>
				<instance name="id00137" moduleRef="DFFRHQ" libraryRef="cell_lib">
					<property name="INIT" value="0"/>
				</instance>
				<instance name="id00138" moduleRef="DFFRHQ" libraryRef="cell_lib">
					<property name="INIT" value="0"/>
				</instance>
				<instance name="id00139" moduleRef="DFFRHQ" libraryRef="cell_lib">
					<property name="INIT" value="0"/>
				</instance>
				<instance name="id00140" moduleRef="DFFRHQ" libraryRef="cell_lib">
					<property name="INIT" value="0"/>
				</instance>
				<instance name="id00141" moduleRef="DFFRHQ" libraryRef="cell_lib">
					<property name="INIT" value="0"/>
				</instance>
				<instance name="id00142" moduleRef="DFFRHQ" libraryRef="cell_lib">
					<property name="INIT" value="0"/>
				</instance>
				<instance name="id00143" moduleRef="DFFRHQ" libraryRef="cell_lib">
					<property name="INIT" value="0"/>
				</instance>
				<instance name="id00144" moduleRef="DFFRHQ" libraryRef="cell_lib">
					<property name="INIT" value="0"/>
				</instance>
				<instance name="id00145" moduleRef="DFFRHQ" libraryRef="cell_lib">
					<property name="INIT" value="0"/>
				</instance>
				<instance name="id00146" moduleRef="DFFRHQ" libraryRef="cell_lib">
					<property name="INIT" value="0"/>
				</instance>
				<instance name="id00147" moduleRef="DFFRHQ" libraryRef="cell_lib">
					<property name="INIT" value="0"/>
				</instance>
				<instance name="id00148" moduleRef="DFFRHQ" libraryRef="cell_lib">
					<property name="INIT" value="0"/>
				</instance>
				<instance name="id00149" moduleRef="DFFRHQ" libraryRef="cell_lib">
					<property name="INIT" value="0"/>
				</instance>
				<instance name="id00150" moduleRef="DFFRHQ" libraryRef="cell_lib">
					<property name="INIT" value="0"/>
				</instance>
				<instance name="id00151" moduleRef="DFFRHQ" libraryRef="cell_lib">
					<property name="INIT" value="0"/>
				</instance>
				<instance name="Buf-pad-clk" moduleRef="CLKBUF" libraryRef="cell_lib"/>
				<instance name="IBuf-clkpad-clk" moduleRef="CLKBUF" libraryRef="cell_lib"/>
				<instance name="Buf-pad-rst" moduleRef="IBUF" libraryRef="cell_lib"/>
				<instance name="clk_ipad" moduleRef="IPAD" libraryRef="cell_lib"/>
				<instance name="rst_ipad" moduleRef="IPAD" libraryRef="cell_lib"/>
				<instance name="Buf-pad-buzzer" moduleRef="OBUF" libraryRef="cell_lib"/>
				<instance name="buzzer_opad" moduleRef="OPAD" libraryRef="cell_lib"/>
				<instance name="VCC" moduleRef="LOGIC_1" libraryRef="cell_lib"/>
				<instance name="GND" moduleRef="LOGIC_0" libraryRef="cell_lib"/>
				<net name="id00152">
					<portRef name="O" instanceRef="id00089"/>
					<portRef name="ADR1" instanceRef="id00088"/>
				</net>
				<net name="id00153">
					<portRef name="O" instanceRef="id00095"/>
					<portRef name="ADR3" instanceRef="id00096"/>
				</net>
				<net name="id00154">
					<portRef name="O" instanceRef="id00081"/>
					<portRef name="ADR0" instanceRef="id00080"/>
					<portRef name="ADR1" instanceRef="id00082"/>
				</net>
				<net name="id00155">
					<portRef name="O" instanceRef="id00067"/>
					<portRef name="ADR1" instanceRef="id00066"/>
				</net>
				<net name="id00156">
					<portRef name="O" instanceRef="id00061"/>
					<portRef name="ADR0" instanceRef="id00060"/>
				</net>
				<net name="id00157">
					<portRef name="O" instanceRef="id00059"/>
					<portRef name="ADR1" instanceRef="id00058"/>
				</net>
				<net name="id00158">
					<portRef name="O" instanceRef="id00005"/>
					<portRef name="ADR1" instanceRef="id00062"/>
					<portRef name="E" instanceRef="id00099"/>
				</net>
				<net name="id00159">
					<portRef name="O" instanceRef="id00023"/>
					<portRef name="ADR0" instanceRef="id00022"/>
				</net>
				<net name="id00160">
					<portRef name="O" instanceRef="id00024"/>
					<portRef name="ADR1" instanceRef="id00021"/>
				</net>
				<net name="id00161">
					<portRef name="O" instanceRef="id00010"/>
					<portRef name="ADR0" instanceRef="id00071"/>
					<portRef name="ADR0" instanceRef="id00072"/>
					<portRef name="ADR0" instanceRef="id00074"/>
					<portRef name="ADR2" instanceRef="id00073"/>
					<portRef name="ADR3" instanceRef="id00009"/>
				</net>
				<net name="id00162">
					<portRef name="O" instanceRef="id00018"/>
					<portRef name="ADR1" instanceRef="id00015"/>
				</net>
				<net name="id00163">
					<portRef name="O" instanceRef="id00008"/>
					<portRef name="ADR0" instanceRef="id00065"/>
					<portRef name="ADR1" instanceRef="id00063"/>
					<portRef name="ADR3" instanceRef="id00007"/>
				</net>
				<net name="id00164">
					<portRef name="O" instanceRef="id00012"/>
					<portRef name="ADR0" instanceRef="id00075"/>
					<portRef name="ADR1" instanceRef="id00074"/>
					<portRef name="ADR2" instanceRef="id00009"/>
				</net>
				<net name="id00165">
					<portRef name="O" instanceRef="id00011"/>
					<portRef name="ADR2" instanceRef="id00010"/>
				</net>
				<net name="id00166">
					<portRef name="O" instanceRef="id00014"/>
					<portRef name="ADR0" instanceRef="id00082"/>
					<portRef name="ADR1" instanceRef="id00077"/>
					<portRef name="ADR2" instanceRef="id00013"/>
				</net>
				<net name="id00167">
					<portRef name="O" instanceRef="id00016"/>
					<portRef name="ADR0" instanceRef="id00084"/>
					<portRef name="ADR0" instanceRef="id00088"/>
					<portRef name="ADR2" instanceRef="id00015"/>
				</net>
				<net name="id00168">
					<portRef name="O" instanceRef="id00003"/>
					<portRef name="ADR0" instanceRef="id00048"/>
					<portRef name="ADR1" instanceRef="id00002"/>
				</net>
				<net name="id00169">
					<portRef name="O" instanceRef="id00007"/>
					<portRef name="ADR1" instanceRef="id00070"/>
					<portRef name="E" instanceRef="id00100"/>
				</net>
				<net name="id00170">
					<portRef name="O" instanceRef="id00022"/>
					<portRef name="ADR0" instanceRef="id00021"/>
				</net>
				<net name="id00171">
					<portRef name="O" instanceRef="id00017"/>
					<portRef name="ADR0" instanceRef="id00085"/>
					<portRef name="ADR1" instanceRef="id00016"/>
				</net>
				<net name="id00172">
					<portRef name="O" instanceRef="id00021"/>
					<portRef name="ADR0" instanceRef="id00020"/>
					<portRef name="ADR0" instanceRef="id00025"/>
					<portRef name="ADR0" instanceRef="id00027"/>
					<portRef name="ADR0" instanceRef="id00029"/>
					<portRef name="ADR0" instanceRef="id00031"/>
					<portRef name="ADR0" instanceRef="id00033"/>
					<portRef name="ADR0" instanceRef="id00040"/>
					<portRef name="ADR0" instanceRef="id00045"/>
					<portRef name="ADR2" instanceRef="id00030"/>
					<portRef name="ADR2" instanceRef="id00035"/>
					<portRef name="ADR2" instanceRef="id00039"/>
				</net>
				<net name="id00173">
					<portRef name="O" instanceRef="id00019"/>
					<portRef name="ADR1" instanceRef="id00097"/>
				</net>
				<net name="id00174">
					<portRef name="O" instanceRef="id00006"/>
					<portRef name="ADR1" instanceRef="id00055"/>
					<portRef name="ADR2" instanceRef="id00005"/>
				</net>
				<net name="id00175">
					<portRef name="O" instanceRef="id00013"/>
					<portRef name="ADR1" instanceRef="id00083"/>
					<portRef name="E" instanceRef="id00102"/>
				</net>
				<net name="id00176">
					<portRef name="O" instanceRef="id00046"/>
					<portRef name="ADR1" instanceRef="id00045"/>
				</net>
				<net name="id00177">
					<portRef name="O" instanceRef="id00034"/>
					<portRef name="ADR0" instanceRef="id00035"/>
					<portRef name="ADR0" instanceRef="id00036"/>
					<portRef name="ADR0" instanceRef="id00038"/>
					<portRef name="ADR1" instanceRef="id00033"/>
				</net>
				<net name="id00178">
					<portRef name="O" instanceRef="id00051"/>
					<portRef name="ADR0" instanceRef="id00052"/>
					<portRef name="ADR1" instanceRef="id00050"/>
				</net>
				<net name="id00179">
					<portRef name="O" instanceRef="id00091"/>
					<portRef name="RN" instanceRef="id00104"/>
					<portRef name="RN" instanceRef="id00105"/>
					<portRef name="RN" instanceRef="id00106"/>
					<portRef name="RN" instanceRef="id00107"/>
					<portRef name="RN" instanceRef="id00108"/>
					<portRef name="RN" instanceRef="id00109"/>
					<portRef name="RN" instanceRef="id00110"/>
					<portRef name="RN" instanceRef="id00111"/>
					<portRef name="RN" instanceRef="id00112"/>
					<portRef name="RN" instanceRef="id00113"/>
					<portRef name="RN" instanceRef="id00114"/>
					<portRef name="RN" instanceRef="id00115"/>
					<portRef name="RN" instanceRef="id00116"/>
					<portRef name="RN" instanceRef="id00117"/>
					<portRef name="RN" instanceRef="id00118"/>
					<portRef name="RN" instanceRef="id00119"/>
					<portRef name="RN" instanceRef="id00120"/>
					<portRef name="RN" instanceRef="id00121"/>
					<portRef name="RN" instanceRef="id00122"/>
					<portRef name="RN" instanceRef="id00123"/>
					<portRef name="RN" instanceRef="id00124"/>
					<portRef name="RN" instanceRef="id00125"/>
					<portRef name="RN" instanceRef="id00126"/>
					<portRef name="RN" instanceRef="id00127"/>
					<portRef name="RN" instanceRef="id00128"/>
					<portRef name="RN" instanceRef="id00129"/>
					<portRef name="RN" instanceRef="id00130"/>
					<portRef name="RN" instanceRef="id00131"/>
					<portRef name="RN" instanceRef="id00132"/>
					<portRef name="RN" instanceRef="id00133"/>
					<portRef name="RN" instanceRef="id00134"/>
					<portRef name="RN" instanceRef="id00135"/>
					<portRef name="RN" instanceRef="id00136"/>
					<portRef name="RN" instanceRef="id00137"/>
					<portRef name="RN" instanceRef="id00138"/>
					<portRef name="RN" instanceRef="id00139"/>
					<portRef name="RN" instanceRef="id00140"/>
					<portRef name="RN" instanceRef="id00141"/>
					<portRef name="RN" instanceRef="id00142"/>
					<portRef name="RN" instanceRef="id00143"/>
					<portRef name="RN" instanceRef="id00144"/>
					<portRef name="RN" instanceRef="id00145"/>
					<portRef name="RN" instanceRef="id00146"/>
					<portRef name="RN" instanceRef="id00147"/>
					<portRef name="RN" instanceRef="id00148"/>
					<portRef name="RN" instanceRef="id00149"/>
					<portRef name="RN" instanceRef="id00150"/>
					<portRef name="RN" instanceRef="id00151"/>
				</net>
				<net name="id00180">
					<portRef name="O" instanceRef="id00027"/>
					<portRef name="ADR0" instanceRef="id00026"/>
					<portRef name="ADR0" instanceRef="id00028"/>
				</net>
				<net name="id00181">
					<portRef name="O" instanceRef="id00009"/>
					<portRef name="ADR1" instanceRef="id00076"/>
					<portRef name="E" instanceRef="id00101"/>
				</net>
				<net name="id00182">
					<portRef name="O" instanceRef="id00032"/>
					<portRef name="ADR1" instanceRef="id00031"/>
				</net>
				<net name="id00183">
					<portRef name="O" instanceRef="id00094"/>
					<portRef name="ADR0" instanceRef="id00097"/>
				</net>
				<net name="id00184">
					<portRef name="O" instanceRef="id00065"/>
					<portRef name="ADR0" instanceRef="id00066"/>
					<portRef name="ADR2" instanceRef="id00064"/>
				</net>
				<net name="id00185">
					<portRef name="O" instanceRef="id00015"/>
					<portRef name="ADR1" instanceRef="id00090"/>
					<portRef name="E" instanceRef="id00103"/>
				</net>
				<net name="id00186">
					<portRef name="O" instanceRef="id00041"/>
					<portRef name="ADR1" instanceRef="id00040"/>
				</net>
				<net name="id00187">
					<portRef name="O" instanceRef="id00043"/>
					<portRef name="ADR0" instanceRef="id00042"/>
					<portRef name="ADR0" instanceRef="id00044"/>
					<portRef name="ADR0" instanceRef="id00046"/>
				</net>
				<net name="id00188">
					<portRef name="O" instanceRef="id00038"/>
					<portRef name="ADR0" instanceRef="id00037"/>
					<portRef name="ADR0" instanceRef="id00039"/>
					<portRef name="ADR0" instanceRef="id00041"/>
					<portRef name="ADR0" instanceRef="id00043"/>
				</net>
				<net name="id00189">
					<portRef name="O" instanceRef="id00055"/>
					<portRef name="ADR0" instanceRef="id00054"/>
					<portRef name="ADR0" instanceRef="id00058"/>
					<portRef name="ADR2" instanceRef="id00057"/>
				</net>
				<net name="id00190">
					<portRef name="O" instanceRef="id00096"/>
					<portRef name="ADR2" instanceRef="id00097"/>
				</net>
				<net name="id00191">
					<portRef name="O" instanceRef="id00069"/>
					<portRef name="ADR0" instanceRef="id00068"/>
				</net>
				<net name="$0so_cnt[4:0][0]">
					<portRef name="O" instanceRef="id00054"/>
					<portRef name="D" instanceRef="id00127"/>
				</net>
				<net name="$0so_cnt[4:0][1]">
					<portRef name="O" instanceRef="id00056"/>
					<portRef name="D" instanceRef="id00128"/>
				</net>
				<net name="$0so_cnt[4:0][2]">
					<portRef name="O" instanceRef="id00057"/>
					<portRef name="D" instanceRef="id00129"/>
				</net>
				<net name="$0so_cnt[4:0][3]">
					<portRef name="O" instanceRef="id00058"/>
					<portRef name="D" instanceRef="id00130"/>
				</net>
				<net name="$0so_cnt[4:0][4]">
					<portRef name="O" instanceRef="id00060"/>
					<portRef name="D" instanceRef="id00131"/>
				</net>
				<net name="$0so">
					<portRef name="O" instanceRef="id00062"/>
					<portRef name="D" instanceRef="id00099"/>
				</net>
				<net name="id00198">
					<portRef name="O" instanceRef="id00004"/>
					<portRef name="ADR1" instanceRef="id00001"/>
				</net>
				<net name="$0la_cnt[4:0][1]">
					<portRef name="O" instanceRef="id00048"/>
					<portRef name="D" instanceRef="id00123"/>
				</net>
				<net name="$0la_cnt[4:0][0]">
					<portRef name="O" instanceRef="id00047"/>
					<portRef name="D" instanceRef="id00122"/>
				</net>
				<net name="$0la_cnt[4:0][3]">
					<portRef name="O" instanceRef="id00050"/>
					<portRef name="D" instanceRef="id00125"/>
				</net>
				<net name="$0la_cnt[4:0][2]">
					<portRef name="O" instanceRef="id00049"/>
					<portRef name="D" instanceRef="id00124"/>
				</net>
				<net name="$0la_cnt[4:0][4]">
					<portRef name="O" instanceRef="id00052"/>
					<portRef name="D" instanceRef="id00126"/>
				</net>
				<net name="$0la">
					<portRef name="O" instanceRef="id00053"/>
					<portRef name="D" instanceRef="id00098"/>
				</net>
				<net name="$0mi_cnt[4:0][2]">
					<portRef name="O" instanceRef="id00073"/>
					<portRef name="D" instanceRef="id00139"/>
				</net>
				<net name="$0mi_cnt[4:0][3]">
					<portRef name="O" instanceRef="id00074"/>
					<portRef name="D" instanceRef="id00140"/>
				</net>
				<net name="$0mi_cnt[4:0][0]">
					<portRef name="O" instanceRef="id00071"/>
					<portRef name="D" instanceRef="id00137"/>
				</net>
				<net name="$0mi_cnt[4:0][1]">
					<portRef name="O" instanceRef="id00072"/>
					<portRef name="D" instanceRef="id00138"/>
				</net>
				<net name="$0mi_cnt[4:0][4]">
					<portRef name="O" instanceRef="id00075"/>
					<portRef name="D" instanceRef="id00141"/>
				</net>
				<net name="$0mi">
					<portRef name="O" instanceRef="id00076"/>
					<portRef name="D" instanceRef="id00101"/>
				</net>
				<net name="$0fa">
					<portRef name="O" instanceRef="id00070"/>
					<portRef name="D" instanceRef="id00100"/>
				</net>
				<net name="$0fa_cnt[4:0][3]">
					<portRef name="O" instanceRef="id00066"/>
					<portRef name="D" instanceRef="id00135"/>
				</net>
				<net name="$0fa_cnt[4:0][2]">
					<portRef name="O" instanceRef="id00064"/>
					<portRef name="D" instanceRef="id00134"/>
				</net>
				<net name="$0fa_cnt[4:0][1]">
					<portRef name="O" instanceRef="id00063"/>
					<portRef name="D" instanceRef="id00133"/>
				</net>
				<net name="$0fa_cnt[4:0][0]">
					<portRef name="O" instanceRef="id00093"/>
					<portRef name="D" instanceRef="id00132"/>
				</net>
				<net name="$0fa_cnt[4:0][4]">
					<portRef name="O" instanceRef="id00068"/>
					<portRef name="D" instanceRef="id00136"/>
				</net>
				<net name="$0top_cnt[12:0][4]">
					<portRef name="O" instanceRef="id00033"/>
					<portRef name="D" instanceRef="id00109"/>
				</net>
				<net name="$0top_cnt[12:0][5]">
					<portRef name="O" instanceRef="id00035"/>
					<portRef name="D" instanceRef="id00110"/>
				</net>
				<net name="$0top_cnt[12:0][6]">
					<portRef name="O" instanceRef="id00036"/>
					<portRef name="D" instanceRef="id00111"/>
				</net>
				<net name="$0top_cnt[12:0][7]">
					<portRef name="O" instanceRef="id00037"/>
					<portRef name="D" instanceRef="id00112"/>
				</net>
				<net name="$0top_cnt[12:0][0]">
					<portRef name="O" instanceRef="id00092"/>
					<portRef name="D" instanceRef="id00105"/>
				</net>
				<net name="$0top_cnt[12:0][1]">
					<portRef name="O" instanceRef="id00029"/>
					<portRef name="D" instanceRef="id00106"/>
				</net>
				<net name="$0top_cnt[12:0][2]">
					<portRef name="O" instanceRef="id00030"/>
					<portRef name="D" instanceRef="id00107"/>
				</net>
				<net name="$0top_cnt[12:0][3]">
					<portRef name="O" instanceRef="id00031"/>
					<portRef name="D" instanceRef="id00108"/>
				</net>
				<net name="$0top_cnt[12:0][12]">
					<portRef name="O" instanceRef="id00045"/>
					<portRef name="D" instanceRef="id00117"/>
				</net>
				<net name="$0top_cnt[12:0][8]">
					<portRef name="O" instanceRef="id00039"/>
					<portRef name="D" instanceRef="id00113"/>
				</net>
				<net name="$0top_cnt[12:0][9]">
					<portRef name="O" instanceRef="id00040"/>
					<portRef name="D" instanceRef="id00114"/>
				</net>
				<net name="$0top_cnt[12:0][10]">
					<portRef name="O" instanceRef="id00042"/>
					<portRef name="D" instanceRef="id00115"/>
				</net>
				<net name="$0top_cnt[12:0][11]">
					<portRef name="O" instanceRef="id00044"/>
					<portRef name="D" instanceRef="id00116"/>
				</net>
				<net name="$0beat[3:0][3]">
					<portRef name="O" instanceRef="id00028"/>
					<portRef name="D" instanceRef="id00121"/>
				</net>
				<net name="$0beat[3:0][2]">
					<portRef name="O" instanceRef="id00026"/>
					<portRef name="D" instanceRef="id00120"/>
				</net>
				<net name="$0beat[3:0][1]">
					<portRef name="O" instanceRef="id00025"/>
					<portRef name="D" instanceRef="id00119"/>
				</net>
				<net name="$0beat[3:0][0]">
					<portRef name="O" instanceRef="id00020"/>
					<portRef name="D" instanceRef="id00118"/>
				</net>
				<net name="$0buzzer">
					<portRef name="O" instanceRef="id00097"/>
					<portRef name="D" instanceRef="id00104"/>
				</net>
				<net name="fa">
					<portRef name="Q" instanceRef="id00100"/>
					<portRef name="ADR0" instanceRef="id00070"/>
					<portRef name="ADR1" instanceRef="id00096"/>
				</net>
				<net name="so">
					<portRef name="Q" instanceRef="id00099"/>
					<portRef name="ADR0" instanceRef="id00062"/>
					<portRef name="ADR1" instanceRef="id00019"/>
				</net>
				<net name="la">
					<portRef name="Q" instanceRef="id00098"/>
					<portRef name="ADR0" instanceRef="id00053"/>
					<portRef name="ADR0" instanceRef="id00095"/>
				</net>
				<net name="net_Buf-pad-buzzer">
					<portRef name="Q" instanceRef="id00104"/>
					<portRef name="I" instanceRef="Buf-pad-buzzer"/>
				</net>
				<net name="$0do_cnt[4:0][4]">
					<portRef name="O" instanceRef="id00088"/>
					<portRef name="D" instanceRef="id00151"/>
				</net>
				<net name="$0do_cnt[4:0][2]">
					<portRef name="O" instanceRef="id00086"/>
					<portRef name="D" instanceRef="id00149"/>
				</net>
				<net name="$0do_cnt[4:0][3]">
					<portRef name="O" instanceRef="id00087"/>
					<portRef name="D" instanceRef="id00150"/>
				</net>
				<net name="$0do_cnt[4:0][0]">
					<portRef name="O" instanceRef="id00084"/>
					<portRef name="D" instanceRef="id00147"/>
				</net>
				<net name="$0do_cnt[4:0][1]">
					<portRef name="O" instanceRef="id00085"/>
					<portRef name="D" instanceRef="id00148"/>
				</net>
				<net name="$0do">
					<portRef name="O" instanceRef="id00090"/>
					<portRef name="D" instanceRef="id00103"/>
				</net>
				<net name="$0re">
					<portRef name="O" instanceRef="id00083"/>
					<portRef name="D" instanceRef="id00102"/>
				</net>
				<net name="id00242">
					<portRef name="O" instanceRef="id00002"/>
					<portRef name="ADR0" instanceRef="id00047"/>
					<portRef name="ADR0" instanceRef="id00050"/>
					<portRef name="ADR2" instanceRef="id00001"/>
				</net>
				<net name="$0re_cnt[4:0][4]">
					<portRef name="O" instanceRef="id00082"/>
					<portRef name="D" instanceRef="id00146"/>
				</net>
				<net name="$0re_cnt[4:0][1]">
					<portRef name="O" instanceRef="id00078"/>
					<portRef name="D" instanceRef="id00143"/>
				</net>
				<net name="$0re_cnt[4:0][0]">
					<portRef name="O" instanceRef="id00077"/>
					<portRef name="D" instanceRef="id00142"/>
				</net>
				<net name="$0re_cnt[4:0][3]">
					<portRef name="O" instanceRef="id00080"/>
					<portRef name="D" instanceRef="id00145"/>
				</net>
				<net name="$0re_cnt[4:0][2]">
					<portRef name="O" instanceRef="id00079"/>
					<portRef name="D" instanceRef="id00144"/>
				</net>
				<net name="re">
					<portRef name="Q" instanceRef="id00102"/>
					<portRef name="ADR0" instanceRef="id00083"/>
					<portRef name="ADR1" instanceRef="id00095"/>
				</net>
				<net name="do">
					<portRef name="Q" instanceRef="id00103"/>
					<portRef name="ADR0" instanceRef="id00090"/>
					<portRef name="ADR0" instanceRef="id00096"/>
					<portRef name="ADR1" instanceRef="id00094"/>
				</net>
				<net name="do_cnt[2]">
					<portRef name="Q" instanceRef="id00149"/>
					<portRef name="ADR0" instanceRef="id00015"/>
					<portRef name="ADR0" instanceRef="id00017"/>
					<portRef name="ADR1" instanceRef="id00087"/>
					<portRef name="ADR1" instanceRef="id00089"/>
					<portRef name="ADR2" instanceRef="id00086"/>
				</net>
				<net name="do_cnt[3]">
					<portRef name="Q" instanceRef="id00150"/>
					<portRef name="ADR1" instanceRef="id00017"/>
					<portRef name="ADR2" instanceRef="id00089"/>
					<portRef name="ADR3" instanceRef="id00018"/>
					<portRef name="ADR3" instanceRef="id00087"/>
				</net>
				<net name="do_cnt[0]">
					<portRef name="Q" instanceRef="id00147"/>
					<portRef name="ADR0" instanceRef="id00016"/>
					<portRef name="ADR0" instanceRef="id00086"/>
					<portRef name="ADR0" instanceRef="id00087"/>
					<portRef name="ADR0" instanceRef="id00089"/>
					<portRef name="ADR1" instanceRef="id00084"/>
					<portRef name="ADR1" instanceRef="id00085"/>
					<portRef name="ADR2" instanceRef="id00018"/>
				</net>
				<net name="do_cnt[1]">
					<portRef name="Q" instanceRef="id00148"/>
					<portRef name="ADR0" instanceRef="id00018"/>
					<portRef name="ADR1" instanceRef="id00086"/>
					<portRef name="ADR2" instanceRef="id00016"/>
					<portRef name="ADR2" instanceRef="id00085"/>
					<portRef name="ADR2" instanceRef="id00087"/>
					<portRef name="ADR3" instanceRef="id00089"/>
				</net>
				<net name="do_cnt[4]">
					<portRef name="Q" instanceRef="id00151"/>
					<portRef name="ADR1" instanceRef="id00018"/>
					<portRef name="ADR2" instanceRef="id00017"/>
					<portRef name="ADR2" instanceRef="id00088"/>
				</net>
				<net name="mi">
					<portRef name="Q" instanceRef="id00101"/>
					<portRef name="ADR0" instanceRef="id00076"/>
					<portRef name="ADR0" instanceRef="id00094"/>
				</net>
				<net name="net_Buf-pad-rst">
					<portRef name="O" instanceRef="Buf-pad-rst"/>
					<portRef name="ADR0" instanceRef="id00091"/>
					<portRef name="ADR1" instanceRef="id00091"/>
				</net>
				<net name="net_IBuf-clkpad-clk">
					<portRef name="O" instanceRef="IBuf-clkpad-clk"/>
					<portRef name="CK" instanceRef="id00098"/>
					<portRef name="CK" instanceRef="id00099"/>
					<portRef name="CK" instanceRef="id00100"/>
					<portRef name="CK" instanceRef="id00101"/>
					<portRef name="CK" instanceRef="id00102"/>
					<portRef name="CK" instanceRef="id00103"/>
					<portRef name="CK" instanceRef="id00104"/>
					<portRef name="CK" instanceRef="id00105"/>
					<portRef name="CK" instanceRef="id00106"/>
					<portRef name="CK" instanceRef="id00107"/>
					<portRef name="CK" instanceRef="id00108"/>
					<portRef name="CK" instanceRef="id00109"/>
					<portRef name="CK" instanceRef="id00110"/>
					<portRef name="CK" instanceRef="id00111"/>
					<portRef name="CK" instanceRef="id00112"/>
					<portRef name="CK" instanceRef="id00113"/>
					<portRef name="CK" instanceRef="id00114"/>
					<portRef name="CK" instanceRef="id00115"/>
					<portRef name="CK" instanceRef="id00116"/>
					<portRef name="CK" instanceRef="id00117"/>
					<portRef name="CK" instanceRef="id00118"/>
					<portRef name="CK" instanceRef="id00119"/>
					<portRef name="CK" instanceRef="id00120"/>
					<portRef name="CK" instanceRef="id00121"/>
					<portRef name="CK" instanceRef="id00122"/>
					<portRef name="CK" instanceRef="id00123"/>
					<portRef name="CK" instanceRef="id00124"/>
					<portRef name="CK" instanceRef="id00125"/>
					<portRef name="CK" instanceRef="id00126"/>
					<portRef name="CK" instanceRef="id00127"/>
					<portRef name="CK" instanceRef="id00128"/>
					<portRef name="CK" instanceRef="id00129"/>
					<portRef name="CK" instanceRef="id00130"/>
					<portRef name="CK" instanceRef="id00131"/>
					<portRef name="CK" instanceRef="id00132"/>
					<portRef name="CK" instanceRef="id00133"/>
					<portRef name="CK" instanceRef="id00134"/>
					<portRef name="CK" instanceRef="id00135"/>
					<portRef name="CK" instanceRef="id00136"/>
					<portRef name="CK" instanceRef="id00137"/>
					<portRef name="CK" instanceRef="id00138"/>
					<portRef name="CK" instanceRef="id00139"/>
					<portRef name="CK" instanceRef="id00140"/>
					<portRef name="CK" instanceRef="id00141"/>
					<portRef name="CK" instanceRef="id00142"/>
					<portRef name="CK" instanceRef="id00143"/>
					<portRef name="CK" instanceRef="id00144"/>
					<portRef name="CK" instanceRef="id00145"/>
					<portRef name="CK" instanceRef="id00146"/>
					<portRef name="CK" instanceRef="id00147"/>
					<portRef name="CK" instanceRef="id00148"/>
					<portRef name="CK" instanceRef="id00149"/>
					<portRef name="CK" instanceRef="id00150"/>
					<portRef name="CK" instanceRef="id00151"/>
				</net>
				<net name="la_cnt[1]">
					<portRef name="Q" instanceRef="id00123"/>
					<portRef name="ADR0" instanceRef="id00004"/>
					<portRef name="ADR1" instanceRef="id00049"/>
					<portRef name="ADR2" instanceRef="id00002"/>
					<portRef name="ADR2" instanceRef="id00048"/>
					<portRef name="ADR2" instanceRef="id00051"/>
				</net>
				<net name="la_cnt[0]">
					<portRef name="Q" instanceRef="id00122"/>
					<portRef name="ADR0" instanceRef="id00002"/>
					<portRef name="ADR0" instanceRef="id00049"/>
					<portRef name="ADR0" instanceRef="id00051"/>
					<portRef name="ADR1" instanceRef="id00047"/>
					<portRef name="ADR1" instanceRef="id00048"/>
					<portRef name="ADR2" instanceRef="id00004"/>
				</net>
				<net name="la_cnt[3]">
					<portRef name="Q" instanceRef="id00125"/>
					<portRef name="ADR1" instanceRef="id00004"/>
					<portRef name="ADR1" instanceRef="id00052"/>
					<portRef name="ADR2" instanceRef="id00003"/>
					<portRef name="ADR2" instanceRef="id00050"/>
				</net>
				<net name="la_cnt[2]">
					<portRef name="Q" instanceRef="id00124"/>
					<portRef name="ADR0" instanceRef="id00003"/>
					<portRef name="ADR1" instanceRef="id00051"/>
					<portRef name="ADR2" instanceRef="id00049"/>
					<portRef name="ADR3" instanceRef="id00004"/>
				</net>
				<net name="la_cnt[4]">
					<portRef name="Q" instanceRef="id00126"/>
					<portRef name="ADR0" instanceRef="id00001"/>
					<portRef name="ADR1" instanceRef="id00003"/>
					<portRef name="ADR2" instanceRef="id00052"/>
				</net>
				<net name="beat[2]">
					<portRef name="Q" instanceRef="id00120"/>
					<portRef name="ADR1" instanceRef="id00026"/>
					<portRef name="ADR1" instanceRef="id00028"/>
					<portRef name="ADR2" instanceRef="id00019"/>
					<portRef name="ADR2" instanceRef="id00094"/>
					<portRef name="ADR2" instanceRef="id00095"/>
					<portRef name="ADR2" instanceRef="id00096"/>
				</net>
				<net name="beat[3]">
					<portRef name="Q" instanceRef="id00121"/>
					<portRef name="ADR0" instanceRef="id00019"/>
					<portRef name="ADR2" instanceRef="id00028"/>
					<portRef name="ADR3" instanceRef="id00094"/>
					<portRef name="ADR3" instanceRef="id00095"/>
				</net>
				<net name="beat[0]">
					<portRef name="Q" instanceRef="id00118"/>
					<portRef name="ADR1" instanceRef="id00020"/>
					<portRef name="ADR1" instanceRef="id00025"/>
					<portRef name="ADR1" instanceRef="id00027"/>
					<portRef name="ADR3" instanceRef="id00019"/>
				</net>
				<net name="beat[1]">
					<portRef name="Q" instanceRef="id00119"/>
					<portRef name="ADR2" instanceRef="id00025"/>
					<portRef name="ADR2" instanceRef="id00027"/>
					<portRef name="ADR3" instanceRef="id00097"/>
				</net>
				<net name="top_cnt[11]">
					<portRef name="Q" instanceRef="id00116"/>
					<portRef name="ADR0" instanceRef="id00023"/>
					<portRef name="ADR2" instanceRef="id00044"/>
					<portRef name="ADR2" instanceRef="id00046"/>
				</net>
				<net name="top_cnt[10]">
					<portRef name="Q" instanceRef="id00115"/>
					<portRef name="ADR1" instanceRef="id00042"/>
					<portRef name="ADR1" instanceRef="id00044"/>
					<portRef name="ADR1" instanceRef="id00046"/>
					<portRef name="ADR3" instanceRef="id00024"/>
				</net>
				<net name="top_cnt[9]">
					<portRef name="Q" instanceRef="id00114"/>
					<portRef name="ADR1" instanceRef="id00022"/>
					<portRef name="ADR2" instanceRef="id00040"/>
					<portRef name="ADR2" instanceRef="id00043"/>
				</net>
				<net name="top_cnt[8]">
					<portRef name="Q" instanceRef="id00113"/>
					<portRef name="ADR2" instanceRef="id00022"/>
					<portRef name="ADR2" instanceRef="id00041"/>
					<portRef name="ADR3" instanceRef="id00039"/>
					<portRef name="ADR3" instanceRef="id00043"/>
				</net>
				<net name="top_cnt[12]">
					<portRef name="Q" instanceRef="id00117"/>
					<portRef name="ADR2" instanceRef="id00045"/>
					<portRef name="ADR3" instanceRef="id00022"/>
				</net>
				<net name="top_cnt[3]">
					<portRef name="Q" instanceRef="id00108"/>
					<portRef name="ADR2" instanceRef="id00021"/>
					<portRef name="ADR2" instanceRef="id00031"/>
					<portRef name="ADR2" instanceRef="id00034"/>
				</net>
				<net name="top_cnt[2]">
					<portRef name="Q" instanceRef="id00107"/>
					<portRef name="ADR2" instanceRef="id00023"/>
					<portRef name="ADR2" instanceRef="id00032"/>
					<portRef name="ADR3" instanceRef="id00030"/>
					<portRef name="ADR3" instanceRef="id00034"/>
				</net>
				<net name="top_cnt[1]">
					<portRef name="Q" instanceRef="id00106"/>
					<portRef name="ADR0" instanceRef="id00024"/>
					<portRef name="ADR0" instanceRef="id00030"/>
					<portRef name="ADR0" instanceRef="id00032"/>
					<portRef name="ADR0" instanceRef="id00034"/>
					<portRef name="ADR1" instanceRef="id00029"/>
				</net>
				<net name="top_cnt[0]">
					<portRef name="Q" instanceRef="id00105"/>
					<portRef name="ADR0" instanceRef="id00092"/>
					<portRef name="ADR1" instanceRef="id00023"/>
					<portRef name="ADR1" instanceRef="id00030"/>
					<portRef name="ADR1" instanceRef="id00032"/>
					<portRef name="ADR1" instanceRef="id00034"/>
					<portRef name="ADR1" instanceRef="id00092"/>
					<portRef name="ADR2" instanceRef="id00029"/>
				</net>
				<net name="top_cnt[7]">
					<portRef name="Q" instanceRef="id00112"/>
					<portRef name="ADR1" instanceRef="id00037"/>
					<portRef name="ADR1" instanceRef="id00039"/>
					<portRef name="ADR1" instanceRef="id00041"/>
					<portRef name="ADR1" instanceRef="id00043"/>
					<portRef name="ADR2" instanceRef="id00024"/>
				</net>
				<net name="top_cnt[6]">
					<portRef name="Q" instanceRef="id00111"/>
					<portRef name="ADR1" instanceRef="id00024"/>
					<portRef name="ADR1" instanceRef="id00038"/>
					<portRef name="ADR3" instanceRef="id00036"/>
				</net>
				<net name="top_cnt[5]">
					<portRef name="Q" instanceRef="id00110"/>
					<portRef name="ADR1" instanceRef="id00036"/>
					<portRef name="ADR2" instanceRef="id00038"/>
					<portRef name="ADR3" instanceRef="id00023"/>
					<portRef name="ADR3" instanceRef="id00035"/>
				</net>
				<net name="top_cnt[4]">
					<portRef name="Q" instanceRef="id00109"/>
					<portRef name="ADR1" instanceRef="id00035"/>
					<portRef name="ADR2" instanceRef="id00033"/>
					<portRef name="ADR2" instanceRef="id00036"/>
					<portRef name="ADR3" instanceRef="id00021"/>
					<portRef name="ADR3" instanceRef="id00038"/>
				</net>
				<net name="mi_cnt[4]">
					<portRef name="Q" instanceRef="id00141"/>
					<portRef name="ADR0" instanceRef="id00009"/>
					<portRef name="ADR1" instanceRef="id00010"/>
					<portRef name="ADR2" instanceRef="id00075"/>
				</net>
				<net name="mi_cnt[0]">
					<portRef name="Q" instanceRef="id00137"/>
					<portRef name="ADR0" instanceRef="id00010"/>
					<portRef name="ADR0" instanceRef="id00012"/>
					<portRef name="ADR0" instanceRef="id00073"/>
					<portRef name="ADR1" instanceRef="id00071"/>
					<portRef name="ADR1" instanceRef="id00072"/>
				</net>
				<net name="mi_cnt[1]">
					<portRef name="Q" instanceRef="id00138"/>
					<portRef name="ADR1" instanceRef="id00011"/>
					<portRef name="ADR1" instanceRef="id00012"/>
					<portRef name="ADR1" instanceRef="id00073"/>
					<portRef name="ADR2" instanceRef="id00072"/>
				</net>
				<net name="mi_cnt[2]">
					<portRef name="Q" instanceRef="id00139"/>
					<portRef name="ADR2" instanceRef="id00011"/>
					<portRef name="ADR2" instanceRef="id00012"/>
					<portRef name="ADR3" instanceRef="id00073"/>
				</net>
				<net name="mi_cnt[3]">
					<portRef name="Q" instanceRef="id00140"/>
					<portRef name="ADR0" instanceRef="id00011"/>
					<portRef name="ADR1" instanceRef="id00009"/>
					<portRef name="ADR1" instanceRef="id00075"/>
					<portRef name="ADR2" instanceRef="id00074"/>
				</net>
				<net name="re_cnt[4]">
					<portRef name="Q" instanceRef="id00146"/>
					<portRef name="ADR1" instanceRef="id00013"/>
					<portRef name="ADR2" instanceRef="id00077"/>
					<portRef name="ADR2" instanceRef="id00082"/>
				</net>
				<net name="re_cnt[1]">
					<portRef name="Q" instanceRef="id00143"/>
					<portRef name="ADR1" instanceRef="id00078"/>
					<portRef name="ADR1" instanceRef="id00079"/>
					<portRef name="ADR2" instanceRef="id00014"/>
					<portRef name="ADR2" instanceRef="id00081"/>
				</net>
				<net name="re_cnt[0]">
					<portRef name="Q" instanceRef="id00142"/>
					<portRef name="ADR0" instanceRef="id00078"/>
					<portRef name="ADR0" instanceRef="id00079"/>
					<portRef name="ADR1" instanceRef="id00014"/>
					<portRef name="ADR1" instanceRef="id00081"/>
					<portRef name="ADR3" instanceRef="id00077"/>
				</net>
				<net name="re_cnt[3]">
					<portRef name="Q" instanceRef="id00145"/>
					<portRef name="ADR0" instanceRef="id00013"/>
					<portRef name="ADR0" instanceRef="id00077"/>
					<portRef name="ADR1" instanceRef="id00080"/>
					<portRef name="ADR3" instanceRef="id00082"/>
				</net>
				<net name="re_cnt[2]">
					<portRef name="Q" instanceRef="id00144"/>
					<portRef name="ADR0" instanceRef="id00014"/>
					<portRef name="ADR0" instanceRef="id00081"/>
					<portRef name="ADR2" instanceRef="id00079"/>
				</net>
				<net name="so_cnt[4]">
					<portRef name="Q" instanceRef="id00131"/>
					<portRef name="ADR1" instanceRef="id00006"/>
					<portRef name="ADR1" instanceRef="id00060"/>
				</net>
				<net name="so_cnt[2]">
					<portRef name="Q" instanceRef="id00129"/>
					<portRef name="ADR2" instanceRef="id00006"/>
					<portRef name="ADR2" instanceRef="id00059"/>
					<portRef name="ADR3" instanceRef="id00057"/>
					<portRef name="ADR3" instanceRef="id00061"/>
				</net>
				<net name="so_cnt[3]">
					<portRef name="Q" instanceRef="id00130"/>
					<portRef name="ADR1" instanceRef="id00005"/>
					<portRef name="ADR2" instanceRef="id00055"/>
					<portRef name="ADR2" instanceRef="id00061"/>
					<portRef name="ADR3" instanceRef="id00059"/>
				</net>
				<net name="so_cnt[0]">
					<portRef name="Q" instanceRef="id00127"/>
					<portRef name="ADR0" instanceRef="id00006"/>
					<portRef name="ADR0" instanceRef="id00056"/>
					<portRef name="ADR0" instanceRef="id00057"/>
					<portRef name="ADR0" instanceRef="id00059"/>
					<portRef name="ADR0" instanceRef="id00061"/>
					<portRef name="ADR1" instanceRef="id00054"/>
				</net>
				<net name="so_cnt[1]">
					<portRef name="Q" instanceRef="id00128"/>
					<portRef name="ADR0" instanceRef="id00005"/>
					<portRef name="ADR0" instanceRef="id00055"/>
					<portRef name="ADR1" instanceRef="id00056"/>
					<portRef name="ADR1" instanceRef="id00057"/>
					<portRef name="ADR1" instanceRef="id00059"/>
					<portRef name="ADR1" instanceRef="id00061"/>
				</net>
				<net name="fa_cnt[4]">
					<portRef name="Q" instanceRef="id00136"/>
					<portRef name="ADR0" instanceRef="id00008"/>
					<portRef name="ADR1" instanceRef="id00068"/>
				</net>
				<net name="fa_cnt[3]">
					<portRef name="Q" instanceRef="id00135"/>
					<portRef name="ADR0" instanceRef="id00063"/>
					<portRef name="ADR2" instanceRef="id00007"/>
					<portRef name="ADR2" instanceRef="id00065"/>
					<portRef name="ADR2" instanceRef="id00069"/>
					<portRef name="ADR3" instanceRef="id00067"/>
				</net>
				<net name="fa_cnt[2]">
					<portRef name="Q" instanceRef="id00134"/>
					<portRef name="ADR1" instanceRef="id00008"/>
					<portRef name="ADR2" instanceRef="id00067"/>
					<portRef name="ADR3" instanceRef="id00064"/>
					<portRef name="ADR3" instanceRef="id00069"/>
				</net>
				<net name="fa_cnt[1]">
					<portRef name="Q" instanceRef="id00133"/>
					<portRef name="ADR0" instanceRef="id00007"/>
					<portRef name="ADR0" instanceRef="id00064"/>
					<portRef name="ADR0" instanceRef="id00067"/>
					<portRef name="ADR0" instanceRef="id00069"/>
					<portRef name="ADR2" instanceRef="id00063"/>
				</net>
				<net name="fa_cnt[0]">
					<portRef name="Q" instanceRef="id00132"/>
					<portRef name="ADR0" instanceRef="id00093"/>
					<portRef name="ADR1" instanceRef="id00007"/>
					<portRef name="ADR1" instanceRef="id00064"/>
					<portRef name="ADR1" instanceRef="id00065"/>
					<portRef name="ADR1" instanceRef="id00067"/>
					<portRef name="ADR1" instanceRef="id00069"/>
					<portRef name="ADR1" instanceRef="id00093"/>
					<portRef name="ADR3" instanceRef="id00063"/>
				</net>
				<net name="id00295">
					<portRef name="O" instanceRef="id00001"/>
					<portRef name="ADR1" instanceRef="id00053"/>
					<portRef name="E" instanceRef="id00098"/>
				</net>
				<net name="clk">
					<portRef name="clk"/>
					<portRef name="I" instanceRef="Buf-pad-clk"/>
					<portRef name="PAD" instanceRef="clk_ipad"/>
				</net>
				<net name="net_Buf-pad-clk">
					<portRef name="O" instanceRef="Buf-pad-clk"/>
					<portRef name="I" instanceRef="IBuf-clkpad-clk"/>
				</net>
				<net name="rst">
					<portRef name="rst"/>
					<portRef name="I" instanceRef="Buf-pad-rst"/>
					<portRef name="PAD" instanceRef="rst_ipad"/>
				</net>
				<net name="buzzer">
					<portRef name="PAD" instanceRef="buzzer_opad"/>
					<portRef name="O" instanceRef="Buf-pad-buzzer"/>
					<portRef name="buzzer"/>
				</net>
			</contents>
		</module>
	</library>
	<topModule name="buzzer" libraryRef="work_lib"/>
</design>

