<design name="name_display">
	<external name="cell_lib">
		<module name="DFFRHQ" type="FFLATCH">
			<property name="edge" value="rise"/>
			<port name="D" direction="input"/>
			<port name="CK" direction="input" type="clock"/>
			<port name="RN" direction="input" type="reset"/>
			<port name="Q" direction="output"/>
		</module>
		<module name="LOGIC_0" type="MACRO">
			<property name="truthtable" value="|0"/>
			<port name="LOGIC_0_PIN" direction="output"/>
		</module>
		<module name="INV" type="COMB">
			<property name="truthtable" value="0"/>
			<port name="A" direction="input"/>
			<port name="Y" direction="output"/>
		</module>
		<module name="XOR2" type="COMB">
			<property name="truthtable" value="01|10"/>
			<port name="A" direction="input"/>
			<port name="B" direction="input"/>
			<port name="Y" direction="output"/>
		</module>
		<module name="NOR2B" type="COMB">
			<property name="truthtable" value="10"/>
			<port name="AN" direction="input"/>
			<port name="B" direction="input"/>
			<port name="Y" direction="output"/>
		</module>
		<module name="NOR3B" type="COMB">
			<property name="truthtable" value="100"/>
			<port name="AN" direction="input"/>
			<port name="B" direction="input"/>
			<port name="C" direction="input"/>
			<port name="Y" direction="output"/>
		</module>
		<module name="XNOR2" type="COMB">
			<property name="truthtable" value="11|00"/>
			<port name="A" direction="input"/>
			<port name="B" direction="input"/>
			<port name="Y" direction="output"/>
		</module>
		<module name="OAI2BB2" type="COMB">
			<property name="truthtable" value="11--|--00"/>
			<port name="A0N" direction="input"/>
			<port name="A1N" direction="input"/>
			<port name="B0" direction="input"/>
			<port name="B1" direction="input"/>
			<port name="Y" direction="output"/>
		</module>
		<module name="OAI211" type="COMB">
			<property name="truthtable" value="00--|--0-|---0"/>
			<port name="A0" direction="input"/>
			<port name="A1" direction="input"/>
			<port name="B0" direction="input"/>
			<port name="C0" direction="input"/>
			<port name="Y" direction="output"/>
		</module>
		<module name="NOR2" type="COMB">
			<property name="truthtable" value="00"/>
			<port name="A" direction="input"/>
			<port name="B" direction="input"/>
			<port name="Y" direction="output"/>
		</module>
		<module name="OAI21" type="COMB">
			<property name="truthtable" value="00-|--0"/>
			<port name="A0" direction="input"/>
			<port name="A1" direction="input"/>
			<port name="B0" direction="input"/>
			<port name="Y" direction="output"/>
		</module>
		<module name="AOI31" type="COMB">
			<property name="truthtable" value="0--0|-0-0|--00"/>
			<port name="A0" direction="input"/>
			<port name="A1" direction="input"/>
			<port name="A2" direction="input"/>
			<port name="B0" direction="input"/>
			<port name="Y" direction="output"/>
		</module>
		<module name="AOI211" type="COMB">
			<property name="truthtable" value="0-00|-000"/>
			<port name="A0" direction="input"/>
			<port name="A1" direction="input"/>
			<port name="B0" direction="input"/>
			<port name="C0" direction="input"/>
			<port name="Y" direction="output"/>
		</module>
		<module name="NOR4" type="COMB">
			<property name="truthtable" value="0000"/>
			<port name="A" direction="input"/>
			<port name="B" direction="input"/>
			<port name="C" direction="input"/>
			<port name="D" direction="input"/>
			<port name="Y" direction="output"/>
		</module>
		<module name="AOI22" type="COMB">
			<property name="truthtable" value="0-0-|0--0|-00-|-0-0"/>
			<port name="A0" direction="input"/>
			<port name="A1" direction="input"/>
			<port name="B0" direction="input"/>
			<port name="B1" direction="input"/>
			<port name="Y" direction="output"/>
		</module>
		<module name="NOR4B" type="COMB">
			<property name="truthtable" value="1000"/>
			<port name="AN" direction="input"/>
			<port name="B" direction="input"/>
			<port name="C" direction="input"/>
			<port name="D" direction="input"/>
			<port name="Y" direction="output"/>
		</module>
		<module name="MX2" type="COMB">
			<property name="truthtable" value="1-0|-11"/>
			<port name="A" direction="input"/>
			<port name="B" direction="input"/>
			<port name="S0" direction="input"/>
			<port name="Y" direction="output"/>
		</module>
		<module name="NAND3B" type="COMB">
			<property name="truthtable" value="1--|-0-|--0"/>
			<port name="AN" direction="input"/>
			<port name="B" direction="input"/>
			<port name="C" direction="input"/>
			<port name="Y" direction="output"/>
		</module>
		<module name="AOI2BB1" type="COMB">
			<property name="truthtable" value="1-0|-10"/>
			<port name="A0N" direction="input"/>
			<port name="A1N" direction="input"/>
			<port name="B0" direction="input"/>
			<port name="Y" direction="output"/>
		</module>
		<module name="NOR3" type="COMB">
			<property name="truthtable" value="000"/>
			<port name="A" direction="input"/>
			<port name="B" direction="input"/>
			<port name="C" direction="input"/>
			<port name="Y" direction="output"/>
		</module>
		<module name="NAND2" type="COMB">
			<property name="truthtable" value="0-|-0"/>
			<port name="A" direction="input"/>
			<port name="B" direction="input"/>
			<port name="Y" direction="output"/>
		</module>
		<module name="OR3" type="COMB">
			<property name="truthtable" value="1--|-1-|--1"/>
			<port name="A" direction="input"/>
			<port name="B" direction="input"/>
			<port name="C" direction="input"/>
			<port name="Y" direction="output"/>
		</module>
	</external>
	<library name="work_lib">
		<module name="name_display" type="GENERIC">
			<port name="lcd_db" msb="7" lsb="0" direction="output"/>
			<port name="clk" direction="input"/>
			<port name="rst" direction="input"/>
			<port name="lcd_en" direction="output"/>
			<port name="lcd_rst" direction="output"/>
			<contents>
				<instance name="cnt_lcd_reg[0]" moduleRef="DFFRHQ" libraryRef="cell_lib"/>
				<instance name="cnt_lcd_reg[1]" moduleRef="DFFRHQ" libraryRef="cell_lib"/>
				<instance name="cnt_lcd_reg[2]" moduleRef="DFFRHQ" libraryRef="cell_lib"/>
				<instance name="cnt_lcd_reg[3]" moduleRef="DFFRHQ" libraryRef="cell_lib"/>
				<instance name="cnt_lcd_reg[4]" moduleRef="DFFRHQ" libraryRef="cell_lib"/>
				<instance name="cnt_lcd_reg[5]" moduleRef="DFFRHQ" libraryRef="cell_lib"/>
				<instance name="sentence_sel_reg[0]" moduleRef="DFFRHQ" libraryRef="cell_lib"/>
				<instance name="sentence_sel_reg[1]" moduleRef="DFFRHQ" libraryRef="cell_lib"/>
				<instance name="lcd_db_reg[6]" moduleRef="DFFRHQ" libraryRef="cell_lib"/>
				<instance name="lcd_db_reg[5]" moduleRef="DFFRHQ" libraryRef="cell_lib"/>
				<instance name="lcd_db_reg[3]" moduleRef="DFFRHQ" libraryRef="cell_lib"/>
				<instance name="lcd_db_reg[1]" moduleRef="DFFRHQ" libraryRef="cell_lib"/>
				<instance name="lcd_db_reg[0]" moduleRef="DFFRHQ" libraryRef="cell_lib"/>
				<instance name="lcd_db_reg[4]" moduleRef="DFFRHQ" libraryRef="cell_lib"/>
				<instance name="lcd_db_reg[2]" moduleRef="DFFRHQ" libraryRef="cell_lib"/>
				<instance name="U88" moduleRef="LOGIC_0" libraryRef="cell_lib"/>
				<instance name="U89" moduleRef="INV" libraryRef="cell_lib"/>
				<instance name="U90" moduleRef="XOR2" libraryRef="cell_lib"/>
				<instance name="U91" moduleRef="XOR2" libraryRef="cell_lib"/>
				<instance name="U92" moduleRef="NOR2B" libraryRef="cell_lib"/>
				<instance name="U93" moduleRef="INV" libraryRef="cell_lib"/>
				<instance name="U94" moduleRef="NOR3B" libraryRef="cell_lib"/>
				<instance name="U95" moduleRef="XNOR2" libraryRef="cell_lib"/>
				<instance name="U96" moduleRef="INV" libraryRef="cell_lib"/>
				<instance name="U97" moduleRef="NOR2B" libraryRef="cell_lib"/>
				<instance name="U98" moduleRef="OAI2BB2" libraryRef="cell_lib"/>
				<instance name="U99" moduleRef="NOR2B" libraryRef="cell_lib"/>
				<instance name="U100" moduleRef="XNOR2" libraryRef="cell_lib"/>
				<instance name="U101" moduleRef="INV" libraryRef="cell_lib"/>
				<instance name="U102" moduleRef="OAI2BB2" libraryRef="cell_lib"/>
				<instance name="U103" moduleRef="XOR2" libraryRef="cell_lib"/>
				<instance name="U104" moduleRef="OAI211" libraryRef="cell_lib"/>
				<instance name="U105" moduleRef="OAI211" libraryRef="cell_lib"/>
				<instance name="U106" moduleRef="NOR2B" libraryRef="cell_lib"/>
				<instance name="U107" moduleRef="NOR2" libraryRef="cell_lib"/>
				<instance name="U108" moduleRef="OAI21" libraryRef="cell_lib"/>
				<instance name="U109" moduleRef="AOI31" libraryRef="cell_lib"/>
				<instance name="U110" moduleRef="AOI211" libraryRef="cell_lib"/>
				<instance name="U111" moduleRef="OAI21" libraryRef="cell_lib"/>
				<instance name="U112" moduleRef="AOI211" libraryRef="cell_lib"/>
				<instance name="U113" moduleRef="NOR4" libraryRef="cell_lib"/>
				<instance name="U114" moduleRef="INV" libraryRef="cell_lib"/>
				<instance name="U115" moduleRef="INV" libraryRef="cell_lib"/>
				<instance name="U116" moduleRef="AOI22" libraryRef="cell_lib"/>
				<instance name="U117" moduleRef="INV" libraryRef="cell_lib"/>
				<instance name="U118" moduleRef="NOR4B" libraryRef="cell_lib"/>
				<instance name="U119" moduleRef="MX2" libraryRef="cell_lib"/>
				<instance name="U120" moduleRef="AOI31" libraryRef="cell_lib"/>
				<instance name="U121" moduleRef="OAI211" libraryRef="cell_lib"/>
				<instance name="U122" moduleRef="MX2" libraryRef="cell_lib"/>
				<instance name="U123" moduleRef="NOR2B" libraryRef="cell_lib"/>
				<instance name="U124" moduleRef="NOR2B" libraryRef="cell_lib"/>
				<instance name="U125" moduleRef="AOI31" libraryRef="cell_lib"/>
				<instance name="U126" moduleRef="NOR2B" libraryRef="cell_lib"/>
				<instance name="U127" moduleRef="NOR2B" libraryRef="cell_lib"/>
				<instance name="U128" moduleRef="MX2" libraryRef="cell_lib"/>
				<instance name="U129" moduleRef="NOR2B" libraryRef="cell_lib"/>
				<instance name="U130" moduleRef="NOR2B" libraryRef="cell_lib"/>
				<instance name="U131" moduleRef="NAND3B" libraryRef="cell_lib"/>
				<instance name="U132" moduleRef="INV" libraryRef="cell_lib"/>
				<instance name="U133" moduleRef="NOR2B" libraryRef="cell_lib"/>
				<instance name="U134" moduleRef="AOI2BB1" libraryRef="cell_lib"/>
				<instance name="U135" moduleRef="NOR2B" libraryRef="cell_lib"/>
				<instance name="U136" moduleRef="NOR2B" libraryRef="cell_lib"/>
				<instance name="U137" moduleRef="INV" libraryRef="cell_lib"/>
				<instance name="U138" moduleRef="OAI211" libraryRef="cell_lib"/>
				<instance name="U139" moduleRef="OAI21" libraryRef="cell_lib"/>
				<instance name="U140" moduleRef="NOR3" libraryRef="cell_lib"/>
				<instance name="U141" moduleRef="NOR2" libraryRef="cell_lib"/>
				<instance name="U142" moduleRef="NOR3B" libraryRef="cell_lib"/>
				<instance name="U143" moduleRef="NAND2" libraryRef="cell_lib"/>
				<instance name="U144" moduleRef="NOR2" libraryRef="cell_lib"/>
				<instance name="U145" moduleRef="NOR3B" libraryRef="cell_lib"/>
				<instance name="U146" moduleRef="INV" libraryRef="cell_lib"/>
				<instance name="U147" moduleRef="NAND2" libraryRef="cell_lib"/>
				<instance name="U148" moduleRef="NOR2B" libraryRef="cell_lib"/>
				<instance name="U149" moduleRef="NAND2" libraryRef="cell_lib"/>
				<instance name="U150" moduleRef="AOI211" libraryRef="cell_lib"/>
				<instance name="U151" moduleRef="NOR2B" libraryRef="cell_lib"/>
				<instance name="U152" moduleRef="INV" libraryRef="cell_lib"/>
				<instance name="U153" moduleRef="NOR3B" libraryRef="cell_lib"/>
				<instance name="U154" moduleRef="INV" libraryRef="cell_lib"/>
				<instance name="U155" moduleRef="INV" libraryRef="cell_lib"/>
				<instance name="U156" moduleRef="NOR3B" libraryRef="cell_lib"/>
				<instance name="U157" moduleRef="INV" libraryRef="cell_lib"/>
				<instance name="U158" moduleRef="MX2" libraryRef="cell_lib"/>
				<instance name="U159" moduleRef="INV" libraryRef="cell_lib"/>
				<instance name="U160" moduleRef="NOR3B" libraryRef="cell_lib"/>
				<instance name="U161" moduleRef="MX2" libraryRef="cell_lib"/>
				<instance name="U162" moduleRef="NOR2B" libraryRef="cell_lib"/>
				<instance name="U163" moduleRef="INV" libraryRef="cell_lib"/>
				<instance name="U164" moduleRef="INV" libraryRef="cell_lib"/>
				<instance name="U165" moduleRef="AOI211" libraryRef="cell_lib"/>
				<instance name="U166" moduleRef="OAI2BB2" libraryRef="cell_lib"/>
				<instance name="U167" moduleRef="NOR2B" libraryRef="cell_lib"/>
				<instance name="U168" moduleRef="OR3" libraryRef="cell_lib"/>
				<instance name="U169" moduleRef="NAND2" libraryRef="cell_lib"/>
				<instance name="U170" moduleRef="NOR2" libraryRef="cell_lib"/>
				<instance name="U171" moduleRef="NOR2" libraryRef="cell_lib"/>
				<instance name="U172" moduleRef="NOR4B" libraryRef="cell_lib"/>
				<instance name="U173" moduleRef="NOR2B" libraryRef="cell_lib"/>
				<instance name="U174" moduleRef="NOR2B" libraryRef="cell_lib"/>
				<instance name="U175" moduleRef="NOR3B" libraryRef="cell_lib"/>
				<instance name="U176" moduleRef="NOR2B" libraryRef="cell_lib"/>
				<instance name="U177" moduleRef="NOR3B" libraryRef="cell_lib"/>
				<instance name="U178" moduleRef="NOR2B" libraryRef="cell_lib"/>
				<instance name="U179" moduleRef="INV" libraryRef="cell_lib"/>
				<net name="lcd_db[7]">
					<portRef name="LOGIC_0_PIN" instanceRef="U88"/>
					<portRef name="lcd_db[7]"/>
				</net>
				<net name="lcd_db[6]">
					<portRef name="Q" instanceRef="lcd_db_reg[6]"/>
					<portRef name="lcd_db[6]"/>
				</net>
				<net name="lcd_db[5]">
					<portRef name="Q" instanceRef="lcd_db_reg[5]"/>
					<portRef name="lcd_db[5]"/>
				</net>
				<net name="lcd_db[4]">
					<portRef name="Q" instanceRef="lcd_db_reg[4]"/>
					<portRef name="lcd_db[4]"/>
				</net>
				<net name="lcd_db[3]">
					<portRef name="Q" instanceRef="lcd_db_reg[3]"/>
					<portRef name="lcd_db[3]"/>
				</net>
				<net name="lcd_db[2]">
					<portRef name="Q" instanceRef="lcd_db_reg[2]"/>
					<portRef name="lcd_db[2]"/>
				</net>
				<net name="lcd_db[1]">
					<portRef name="Q" instanceRef="lcd_db_reg[1]"/>
					<portRef name="lcd_db[1]"/>
				</net>
				<net name="lcd_db[0]">
					<portRef name="Q" instanceRef="lcd_db_reg[0]"/>
					<portRef name="lcd_db[0]"/>
				</net>
				<net name="clk">
					<portRef name="clk"/>
					<portRef name="CK" instanceRef="cnt_lcd_reg[0]"/>
					<portRef name="CK" instanceRef="cnt_lcd_reg[1]"/>
					<portRef name="CK" instanceRef="cnt_lcd_reg[2]"/>
					<portRef name="CK" instanceRef="cnt_lcd_reg[3]"/>
					<portRef name="CK" instanceRef="cnt_lcd_reg[4]"/>
					<portRef name="CK" instanceRef="cnt_lcd_reg[5]"/>
					<portRef name="CK" instanceRef="sentence_sel_reg[0]"/>
					<portRef name="CK" instanceRef="sentence_sel_reg[1]"/>
					<portRef name="CK" instanceRef="lcd_db_reg[6]"/>
					<portRef name="CK" instanceRef="lcd_db_reg[5]"/>
					<portRef name="CK" instanceRef="lcd_db_reg[3]"/>
					<portRef name="CK" instanceRef="lcd_db_reg[1]"/>
					<portRef name="CK" instanceRef="lcd_db_reg[0]"/>
					<portRef name="CK" instanceRef="lcd_db_reg[4]"/>
					<portRef name="CK" instanceRef="lcd_db_reg[2]"/>
				</net>
				<net name="lcd_en">
					<portRef name="Q" instanceRef="cnt_lcd_reg[0]"/>
					<portRef name="lcd_en"/>
					<portRef name="A" instanceRef="U103"/>
					<portRef name="B0" instanceRef="U105"/>
					<portRef name="A0" instanceRef="U116"/>
					<portRef name="A" instanceRef="U179"/>
				</net>
				<net name="N134">
					<portRef name="Y" instanceRef="U149"/>
					<portRef name="D" instanceRef="lcd_db_reg[0]"/>
				</net>
				<net name="N135">
					<portRef name="Y" instanceRef="U138"/>
					<portRef name="D" instanceRef="lcd_db_reg[1]"/>
				</net>
				<net name="N136">
					<portRef name="Y" instanceRef="U121"/>
					<portRef name="D" instanceRef="lcd_db_reg[2]"/>
				</net>
				<net name="N137">
					<portRef name="Y" instanceRef="U117"/>
					<portRef name="D" instanceRef="lcd_db_reg[3]"/>
				</net>
				<net name="N138">
					<portRef name="Y" instanceRef="U111"/>
					<portRef name="D" instanceRef="lcd_db_reg[4]"/>
				</net>
				<net name="N139">
					<portRef name="Y" instanceRef="U108"/>
					<portRef name="D" instanceRef="lcd_db_reg[5]"/>
				</net>
				<net name="N140">
					<portRef name="Y" instanceRef="U104"/>
					<portRef name="D" instanceRef="lcd_db_reg[6]"/>
				</net>
				<net name="N144">
					<portRef name="Y" instanceRef="U103"/>
					<portRef name="D" instanceRef="cnt_lcd_reg[1]"/>
				</net>
				<net name="N145">
					<portRef name="Y" instanceRef="U102"/>
					<portRef name="D" instanceRef="cnt_lcd_reg[2]"/>
				</net>
				<net name="N146">
					<portRef name="Y" instanceRef="U100"/>
					<portRef name="D" instanceRef="cnt_lcd_reg[3]"/>
				</net>
				<net name="N147">
					<portRef name="Y" instanceRef="U98"/>
					<portRef name="D" instanceRef="cnt_lcd_reg[4]"/>
				</net>
				<net name="N148">
					<portRef name="Y" instanceRef="U95"/>
					<portRef name="D" instanceRef="cnt_lcd_reg[5]"/>
				</net>
				<net name="n74">
					<portRef name="Y" instanceRef="U91"/>
					<portRef name="D" instanceRef="sentence_sel_reg[1]"/>
				</net>
				<net name="n75">
					<portRef name="Y" instanceRef="U90"/>
					<portRef name="D" instanceRef="sentence_sel_reg[0]"/>
				</net>
				<net name="n79">
					<portRef name="Y" instanceRef="U94"/>
					<portRef name="B" instanceRef="U90"/>
					<portRef name="AN" instanceRef="U92"/>
				</net>
				<net name="n80">
					<portRef name="Y" instanceRef="U92"/>
					<portRef name="B" instanceRef="U91"/>
				</net>
				<net name="n81">
					<portRef name="Y" instanceRef="U93"/>
					<portRef name="B" instanceRef="U92"/>
				</net>
				<net name="n82">
					<portRef name="Y" instanceRef="U136"/>
					<portRef name="AN" instanceRef="U94"/>
					<portRef name="AN" instanceRef="U97"/>
					<portRef name="A0N" instanceRef="U134"/>
				</net>
				<net name="n83">
					<portRef name="Y" instanceRef="U143"/>
					<portRef name="B" instanceRef="U94"/>
					<portRef name="B" instanceRef="U97"/>
					<portRef name="B" instanceRef="U99"/>
					<portRef name="A" instanceRef="U101"/>
					<portRef name="B" instanceRef="U140"/>
					<portRef name="B" instanceRef="U142"/>
				</net>
				<net name="n84">
					<portRef name="Y" instanceRef="U96"/>
					<portRef name="C" instanceRef="U94"/>
					<portRef name="B" instanceRef="U95"/>
				</net>
				<net name="n85">
					<portRef name="Y" instanceRef="U97"/>
					<portRef name="A" instanceRef="U95"/>
				</net>
				<net name="n86">
					<portRef name="Y" instanceRef="U99"/>
					<portRef name="B0" instanceRef="U98"/>
				</net>
				<net name="n87">
					<portRef name="Y" instanceRef="U137"/>
					<portRef name="B1" instanceRef="U98"/>
					<portRef name="A2" instanceRef="U109"/>
					<portRef name="C" instanceRef="U113"/>
					<portRef name="B" instanceRef="U136"/>
				</net>
				<net name="n88">
					<portRef name="Y" instanceRef="U101"/>
					<portRef name="A0N" instanceRef="U98"/>
					<portRef name="A" instanceRef="U100"/>
				</net>
				<net name="n89">
					<portRef name="Y" instanceRef="U148"/>
					<portRef name="A1N" instanceRef="U98"/>
					<portRef name="AN" instanceRef="U142"/>
					<portRef name="A" instanceRef="U147"/>
				</net>
				<net name="n90">
					<portRef name="Y" instanceRef="U155"/>
					<portRef name="B" instanceRef="U100"/>
					<portRef name="C0" instanceRef="U105"/>
					<portRef name="A1" instanceRef="U112"/>
					<portRef name="B" instanceRef="U153"/>
				</net>
				<net name="n91">
					<portRef name="Y" instanceRef="U133"/>
					<portRef name="B0" instanceRef="U102"/>
					<portRef name="A" instanceRef="U132"/>
				</net>
				<net name="n92">
					<portRef name="Y" instanceRef="U163"/>
					<portRef name="B1" instanceRef="U102"/>
					<portRef name="B" instanceRef="U162"/>
				</net>
				<net name="n93">
					<portRef name="Y" instanceRef="U170"/>
					<portRef name="A1N" instanceRef="U102"/>
					<portRef name="A0" instanceRef="U120"/>
					<portRef name="A" instanceRef="U152"/>
					<portRef name="AN" instanceRef="U167"/>
					<portRef name="A" instanceRef="U169"/>
				</net>
				<net name="n94">
					<portRef name="Y" instanceRef="U147"/>
					<portRef name="A1" instanceRef="U104"/>
					<portRef name="C0" instanceRef="U121"/>
					<portRef name="A" instanceRef="U146"/>
				</net>
				<net name="n95">
					<portRef name="Y" instanceRef="U105"/>
					<portRef name="B0" instanceRef="U104"/>
				</net>
				<net name="n96">
					<portRef name="Y" instanceRef="U131"/>
					<portRef name="C0" instanceRef="U104"/>
					<portRef name="AN" instanceRef="U129"/>
				</net>
				<net name="n97">
					<portRef name="Y" instanceRef="U106"/>
					<portRef name="A0" instanceRef="U105"/>
				</net>
				<net name="n98">
					<portRef name="Y" instanceRef="U135"/>
					<portRef name="A1" instanceRef="U105"/>
					<portRef name="B0" instanceRef="U134"/>
				</net>
				<net name="n99">
					<portRef name="Y" instanceRef="U164"/>
					<portRef name="AN" instanceRef="U106"/>
					<portRef name="C" instanceRef="U131"/>
					<portRef name="A" instanceRef="U161"/>
				</net>
				<net name="n100">
					<portRef name="Y" instanceRef="U107"/>
					<portRef name="B" instanceRef="U106"/>
				</net>
				<net name="n101">
					<portRef name="Y" instanceRef="U110"/>
					<portRef name="A0" instanceRef="U108"/>
				</net>
				<net name="n102">
					<portRef name="Y" instanceRef="U109"/>
					<portRef name="B0" instanceRef="U108"/>
				</net>
				<net name="n103">
					<portRef name="Y" instanceRef="U167"/>
					<portRef name="A0" instanceRef="U109"/>
					<portRef name="B1" instanceRef="U116"/>
					<portRef name="AN" instanceRef="U124"/>
					<portRef name="B" instanceRef="U147"/>
					<portRef name="A1" instanceRef="U150"/>
					<portRef name="A0N" instanceRef="U166"/>
				</net>
				<net name="n104">
					<portRef name="Y" instanceRef="U171"/>
					<portRef name="A1" instanceRef="U109"/>
					<portRef name="A" instanceRef="U115"/>
					<portRef name="A2" instanceRef="U120"/>
					<portRef name="A0" instanceRef="U125"/>
					<portRef name="A" instanceRef="U128"/>
					<portRef name="B0" instanceRef="U166"/>
				</net>
				<net name="n105">
					<portRef name="Y" instanceRef="U142"/>
					<portRef name="B0" instanceRef="U109"/>
					<portRef name="A" instanceRef="U141"/>
				</net>
				<net name="n106">
					<portRef name="Y" instanceRef="U162"/>
					<portRef name="A0" instanceRef="U110"/>
					<portRef name="AN" instanceRef="U135"/>
					<portRef name="A" instanceRef="U157"/>
					<portRef name="B" instanceRef="U161"/>
				</net>
				<net name="n107">
					<portRef name="Y" instanceRef="U153"/>
					<portRef name="B0" instanceRef="U110"/>
					<portRef name="AN" instanceRef="U151"/>
				</net>
				<net name="n108">
					<portRef name="Y" instanceRef="U127"/>
					<portRef name="C0" instanceRef="U110"/>
					<portRef name="AN" instanceRef="U126"/>
				</net>
				<net name="n109">
					<portRef name="Y" instanceRef="U116"/>
					<portRef name="A0" instanceRef="U111"/>
				</net>
				<net name="n110">
					<portRef name="Y" instanceRef="U115"/>
					<portRef name="A1" instanceRef="U111"/>
				</net>
				<net name="n111">
					<portRef name="Y" instanceRef="U112"/>
					<portRef name="B0" instanceRef="U111"/>
				</net>
				<net name="n112">
					<portRef name="Y" instanceRef="U114"/>
					<portRef name="A0" instanceRef="U112"/>
				</net>
				<net name="n113">
					<portRef name="Y" instanceRef="U113"/>
					<portRef name="B0" instanceRef="U112"/>
				</net>
				<net name="n114">
					<portRef name="Y" instanceRef="U145"/>
					<portRef name="C0" instanceRef="U112"/>
					<portRef name="B" instanceRef="U144"/>
				</net>
				<net name="n115">
					<portRef name="Y" instanceRef="U157"/>
					<portRef name="D" instanceRef="U113"/>
					<portRef name="C" instanceRef="U156"/>
				</net>
				<net name="n116">
					<portRef name="Y" instanceRef="U169"/>
					<portRef name="A" instanceRef="U114"/>
					<portRef name="B" instanceRef="U130"/>
					<portRef name="B1" instanceRef="U166"/>
				</net>
				<net name="n117">
					<portRef name="Y" instanceRef="U177"/>
					<portRef name="A1" instanceRef="U116"/>
					<portRef name="A2" instanceRef="U125"/>
					<portRef name="AN" instanceRef="U145"/>
					<portRef name="B" instanceRef="U169"/>
					<portRef name="AN" instanceRef="U176"/>
				</net>
				<net name="n118">
					<portRef name="Y" instanceRef="U118"/>
					<portRef name="A" instanceRef="U117"/>
				</net>
				<net name="n119">
					<portRef name="Y" instanceRef="U120"/>
					<portRef name="AN" instanceRef="U118"/>
				</net>
				<net name="n120">
					<portRef name="Y" instanceRef="U156"/>
					<portRef name="B" instanceRef="U118"/>
					<portRef name="B0" instanceRef="U150"/>
				</net>
				<net name="n121">
					<portRef name="Y" instanceRef="U140"/>
					<portRef name="C" instanceRef="U118"/>
					<portRef name="A1" instanceRef="U139"/>
				</net>
				<net name="n122">
					<portRef name="Y" instanceRef="U119"/>
					<portRef name="D" instanceRef="U118"/>
				</net>
				<net name="n123">
					<portRef name="Y" instanceRef="U160"/>
					<portRef name="A" instanceRef="U119"/>
					<portRef name="A" instanceRef="U159"/>
				</net>
				<net name="n124">
					<portRef name="Y" instanceRef="U172"/>
					<portRef name="B" instanceRef="U119"/>
					<portRef name="A0" instanceRef="U139"/>
					<portRef name="B0" instanceRef="U165"/>
				</net>
				<net name="n125">
					<portRef name="Y" instanceRef="U175"/>
					<portRef name="A1" instanceRef="U120"/>
					<portRef name="A" instanceRef="U154"/>
					<portRef name="AN" instanceRef="U162"/>
					<portRef name="AN" instanceRef="U172"/>
				</net>
				<net name="n126">
					<portRef name="Y" instanceRef="U146"/>
					<portRef name="B0" instanceRef="U120"/>
					<portRef name="A" instanceRef="U144"/>
				</net>
				<net name="n127">
					<portRef name="Y" instanceRef="U134"/>
					<portRef name="A0" instanceRef="U121"/>
				</net>
				<net name="n128">
					<portRef name="Y" instanceRef="U132"/>
					<portRef name="A1" instanceRef="U121"/>
				</net>
				<net name="n129">
					<portRef name="Y" instanceRef="U122"/>
					<portRef name="B0" instanceRef="U121"/>
				</net>
				<net name="n130">
					<portRef name="Y" instanceRef="U129"/>
					<portRef name="A" instanceRef="U122"/>
				</net>
				<net name="n131">
					<portRef name="Y" instanceRef="U123"/>
					<portRef name="B" instanceRef="U122"/>
				</net>
				<net name="n132">
					<portRef name="Y" instanceRef="U125"/>
					<portRef name="AN" instanceRef="U123"/>
				</net>
				<net name="n133">
					<portRef name="Y" instanceRef="U124"/>
					<portRef name="B" instanceRef="U123"/>
				</net>
				<net name="n134">
					<portRef name="Y" instanceRef="U178"/>
					<portRef name="A1" instanceRef="U125"/>
					<portRef name="B" instanceRef="U131"/>
					<portRef name="A" instanceRef="U143"/>
					<portRef name="A0" instanceRef="U165"/>
				</net>
				<net name="n135">
					<portRef name="Y" instanceRef="U126"/>
					<portRef name="B0" instanceRef="U125"/>
				</net>
				<net name="n136">
					<portRef name="Y" instanceRef="U128"/>
					<portRef name="AN" instanceRef="U127"/>
				</net>
				<net name="n137">
					<portRef name="Y" instanceRef="U154"/>
					<portRef name="B" instanceRef="U127"/>
					<portRef name="C" instanceRef="U153"/>
				</net>
				<net name="n138">
					<portRef name="Y" instanceRef="U130"/>
					<portRef name="B" instanceRef="U129"/>
				</net>
				<net name="n139">
					<portRef name="Y" instanceRef="U174"/>
					<portRef name="AN" instanceRef="U130"/>
					<portRef name="A0" instanceRef="U150"/>
					<portRef name="B" instanceRef="U172"/>
				</net>
				<net name="n140">
					<portRef name="Y" instanceRef="U168"/>
					<portRef name="A1N" instanceRef="U134"/>
					<portRef name="C" instanceRef="U140"/>
					<portRef name="C" instanceRef="U142"/>
					<portRef name="A" instanceRef="U164"/>
					<portRef name="B" instanceRef="U167"/>
				</net>
				<net name="n141">
					<portRef name="Y" instanceRef="U144"/>
					<portRef name="A1" instanceRef="U138"/>
				</net>
				<net name="n142">
					<portRef name="Y" instanceRef="U141"/>
					<portRef name="B0" instanceRef="U138"/>
				</net>
				<net name="n143">
					<portRef name="Y" instanceRef="U139"/>
					<portRef name="C0" instanceRef="U138"/>
				</net>
				<net name="n144">
					<portRef name="Y" instanceRef="U151"/>
					<portRef name="B" instanceRef="U141"/>
					<portRef name="C0" instanceRef="U150"/>
				</net>
				<net name="n145">
					<portRef name="Y" instanceRef="U158"/>
					<portRef name="A" instanceRef="U149"/>
				</net>
				<net name="n146">
					<portRef name="Y" instanceRef="U150"/>
					<portRef name="B" instanceRef="U149"/>
				</net>
				<net name="n147">
					<portRef name="Y" instanceRef="U152"/>
					<portRef name="B" instanceRef="U151"/>
				</net>
				<net name="n148">
					<portRef name="Y" instanceRef="U173"/>
					<portRef name="AN" instanceRef="U156"/>
					<portRef name="A1N" instanceRef="U166"/>
					<portRef name="C" instanceRef="U172"/>
				</net>
				<net name="n149">
					<portRef name="Y" instanceRef="U165"/>
					<portRef name="A" instanceRef="U158"/>
				</net>
				<net name="n150">
					<portRef name="Y" instanceRef="U159"/>
					<portRef name="B" instanceRef="U158"/>
				</net>
				<net name="n151">
					<portRef name="Y" instanceRef="U161"/>
					<portRef name="AN" instanceRef="U160"/>
				</net>
				<net name="n152">
					<portRef name="Y" instanceRef="U176"/>
					<portRef name="A1" instanceRef="U165"/>
				</net>
				<net name="n153">
					<portRef name="Y" instanceRef="U166"/>
					<portRef name="C0" instanceRef="U165"/>
				</net>
				<net name="n154">
					<portRef name="Y" instanceRef="U89"/>
					<portRef name="RN" instanceRef="cnt_lcd_reg[0]"/>
					<portRef name="RN" instanceRef="cnt_lcd_reg[1]"/>
					<portRef name="RN" instanceRef="cnt_lcd_reg[2]"/>
					<portRef name="RN" instanceRef="cnt_lcd_reg[3]"/>
					<portRef name="RN" instanceRef="cnt_lcd_reg[4]"/>
					<portRef name="RN" instanceRef="cnt_lcd_reg[5]"/>
					<portRef name="RN" instanceRef="sentence_sel_reg[0]"/>
					<portRef name="RN" instanceRef="sentence_sel_reg[1]"/>
					<portRef name="RN" instanceRef="lcd_db_reg[6]"/>
					<portRef name="RN" instanceRef="lcd_db_reg[5]"/>
					<portRef name="RN" instanceRef="lcd_db_reg[3]"/>
					<portRef name="RN" instanceRef="lcd_db_reg[1]"/>
					<portRef name="RN" instanceRef="lcd_db_reg[0]"/>
					<portRef name="RN" instanceRef="lcd_db_reg[4]"/>
					<portRef name="RN" instanceRef="lcd_db_reg[2]"/>
				</net>
				<net name="n155">
					<portRef name="Y" instanceRef="U179"/>
					<portRef name="D" instanceRef="cnt_lcd_reg[0]"/>
					<portRef name="A1" instanceRef="U108"/>
					<portRef name="B" instanceRef="U113"/>
					<portRef name="B" instanceRef="U126"/>
					<portRef name="B" instanceRef="U133"/>
					<portRef name="C" instanceRef="U145"/>
					<portRef name="B" instanceRef="U156"/>
					<portRef name="C" instanceRef="U160"/>
					<portRef name="B" instanceRef="U170"/>
					<portRef name="D" instanceRef="U172"/>
					<portRef name="B" instanceRef="U178"/>
				</net>
				<net name="cnt_lcd[6]"/>
				<net name="cnt_lcd[5]">
					<portRef name="Q" instanceRef="cnt_lcd_reg[5]"/>
					<portRef name="A" instanceRef="U96"/>
					<portRef name="B" instanceRef="U168"/>
					<portRef name="B" instanceRef="U175"/>
					<portRef name="C" instanceRef="U177"/>
				</net>
				<net name="cnt_lcd[4]">
					<portRef name="Q" instanceRef="cnt_lcd_reg[4]"/>
					<portRef name="B" instanceRef="U107"/>
					<portRef name="A1" instanceRef="U110"/>
					<portRef name="B0" instanceRef="U116"/>
					<portRef name="S0" instanceRef="U119"/>
					<portRef name="S0" instanceRef="U122"/>
					<portRef name="B" instanceRef="U135"/>
					<portRef name="A" instanceRef="U137"/>
					<portRef name="B0" instanceRef="U139"/>
					<portRef name="B" instanceRef="U145"/>
					<portRef name="B" instanceRef="U148"/>
					<portRef name="S0" instanceRef="U158"/>
				</net>
				<net name="cnt_lcd[3]">
					<portRef name="Q" instanceRef="cnt_lcd_reg[3]"/>
					<portRef name="AN" instanceRef="U99"/>
					<portRef name="B" instanceRef="U124"/>
					<portRef name="B" instanceRef="U128"/>
					<portRef name="AN" instanceRef="U131"/>
					<portRef name="AN" instanceRef="U136"/>
					<portRef name="A" instanceRef="U140"/>
					<portRef name="AN" instanceRef="U148"/>
					<portRef name="A" instanceRef="U155"/>
					<portRef name="S0" instanceRef="U161"/>
					<portRef name="B" instanceRef="U171"/>
					<portRef name="B" instanceRef="U173"/>
					<portRef name="AN" instanceRef="U174"/>
				</net>
				<net name="cnt_lcd[2]">
					<portRef name="Q" instanceRef="cnt_lcd_reg[2]"/>
					<portRef name="S0" instanceRef="U128"/>
					<portRef name="A" instanceRef="U163"/>
					<portRef name="A" instanceRef="U170"/>
					<portRef name="AN" instanceRef="U178"/>
				</net>
				<net name="cnt_lcd[1]">
					<portRef name="Q" instanceRef="cnt_lcd_reg[1]"/>
					<portRef name="A0N" instanceRef="U102"/>
					<portRef name="B" instanceRef="U103"/>
					<portRef name="A0" instanceRef="U104"/>
					<portRef name="A" instanceRef="U107"/>
					<portRef name="A" instanceRef="U113"/>
					<portRef name="AN" instanceRef="U133"/>
					<portRef name="A0" instanceRef="U138"/>
					<portRef name="B" instanceRef="U143"/>
					<portRef name="AN" instanceRef="U153"/>
					<portRef name="B" instanceRef="U160"/>
					<portRef name="A" instanceRef="U171"/>
					<portRef name="AN" instanceRef="U173"/>
					<portRef name="B" instanceRef="U174"/>
					<portRef name="B" instanceRef="U176"/>
				</net>
				<net name="sentence_sel[1]">
					<portRef name="Q" instanceRef="sentence_sel_reg[1]"/>
					<portRef name="A" instanceRef="U91"/>
					<portRef name="C" instanceRef="U168"/>
					<portRef name="C" instanceRef="U175"/>
					<portRef name="AN" instanceRef="U177"/>
				</net>
				<net name="sentence_sel[0]">
					<portRef name="Q" instanceRef="sentence_sel_reg[0]"/>
					<portRef name="A" instanceRef="U90"/>
					<portRef name="A" instanceRef="U93"/>
					<portRef name="A" instanceRef="U168"/>
					<portRef name="AN" instanceRef="U175"/>
					<portRef name="B" instanceRef="U177"/>
				</net>
				<net name="lcd_rst">
					<portRef name="rst"/>
					<portRef name="lcd_rst"/>
					<portRef name="A" instanceRef="U89"/>
				</net>
			</contents>
		</module>
	</library>
	<topModule name="name_display" libraryRef="work_lib"/>
</design>

