<design name="name_display">
	<external name="cell_lib">
		<module name="DFFRHQ" type="FFLATCH">
			<property name="edge" value="rise"/>
			<port name="D" direction="input"/>
			<port name="CK" direction="input" type="clock"/>
			<port name="RN" direction="input" type="reset"/>
			<port name="Q" direction="output"/>
		</module>
		<module name="LUT2" type="LUT">
			<port name="ADR0" direction="input"/>
			<port name="ADR1" direction="input"/>
			<port name="O" direction="output"/>
		</module>
		<module name="LUT4" type="LUT">
			<port name="ADR0" direction="input"/>
			<port name="ADR1" direction="input"/>
			<port name="ADR2" direction="input"/>
			<port name="ADR3" direction="input"/>
			<port name="O" direction="output"/>
		</module>
		<module name="LUT3" type="LUT">
			<port name="ADR0" direction="input"/>
			<port name="ADR1" direction="input"/>
			<port name="ADR2" direction="input"/>
			<port name="O" direction="output"/>
		</module>
		<module name="CLKBUF" type="COMB">
			<property name="truthtable" value="1"/>
			<port name="I" direction="input"/>
			<port name="O" direction="output"/>
		</module>
		<module name="IBUF" type="COMB">
			<property name="truthtable" value="1"/>
			<port name="I" direction="input"/>
			<port name="O" direction="output"/>
		</module>
		<module name="IPAD" type="MACRO">
			<port name="PAD" direction="input"/>
		</module>
		<module name="OBUF" type="COMB">
			<property name="truthtable" value="1"/>
			<port name="I" direction="input"/>
			<port name="O" direction="output"/>
		</module>
		<module name="OPAD" type="MACRO">
			<port name="PAD" direction="output"/>
		</module>
		<module name="LOGIC_1" type="MACRO">
			<property name="truthtable" value="|1"/>
			<port name="LOGIC_1_PIN" direction="output"/>
		</module>
		<module name="LOGIC_0" type="MACRO">
			<property name="truthtable" value="|0"/>
			<port name="LOGIC_0_PIN" direction="output"/>
		</module>
	</external>
	<library name="work_lib">
		<module name="name_display" type="GENERIC">
			<port name="lcd_db" msb="7" lsb="0" direction="output"/>
			<port name="clk" direction="input"/>
			<port name="rst" direction="input"/>
			<port name="lcd_en" direction="output"/>
			<port name="lcd_rst" direction="output"/>
			<contents>
				<instance name="cnt_lcd_reg[0]" moduleRef="DFFRHQ" libraryRef="cell_lib"/>
				<instance name="cnt_lcd_reg[1]" moduleRef="DFFRHQ" libraryRef="cell_lib"/>
				<instance name="cnt_lcd_reg[2]" moduleRef="DFFRHQ" libraryRef="cell_lib"/>
				<instance name="cnt_lcd_reg[3]" moduleRef="DFFRHQ" libraryRef="cell_lib"/>
				<instance name="cnt_lcd_reg[4]" moduleRef="DFFRHQ" libraryRef="cell_lib"/>
				<instance name="cnt_lcd_reg[5]" moduleRef="DFFRHQ" libraryRef="cell_lib"/>
				<instance name="sentence_sel_reg[0]" moduleRef="DFFRHQ" libraryRef="cell_lib"/>
				<instance name="sentence_sel_reg[1]" moduleRef="DFFRHQ" libraryRef="cell_lib"/>
				<instance name="lcd_db_reg[6]" moduleRef="DFFRHQ" libraryRef="cell_lib"/>
				<instance name="lcd_db_reg[5]" moduleRef="DFFRHQ" libraryRef="cell_lib"/>
				<instance name="lcd_db_reg[3]" moduleRef="DFFRHQ" libraryRef="cell_lib"/>
				<instance name="lcd_db_reg[1]" moduleRef="DFFRHQ" libraryRef="cell_lib"/>
				<instance name="lcd_db_reg[0]" moduleRef="DFFRHQ" libraryRef="cell_lib"/>
				<instance name="lcd_db_reg[4]" moduleRef="DFFRHQ" libraryRef="cell_lib"/>
				<instance name="lcd_db_reg[2]" moduleRef="DFFRHQ" libraryRef="cell_lib"/>
				<instance name="L0" moduleRef="LUT2" libraryRef="cell_lib">
					<property name="INIT" value="1"/>
				</instance>
				<instance name="L1" moduleRef="LUT2" libraryRef="cell_lib">
					<property name="INIT" value="1"/>
				</instance>
				<instance name="L2" moduleRef="LUT4" libraryRef="cell_lib">
					<property name="INIT" value="AA6A"/>
				</instance>
				<instance name="L3" moduleRef="LUT3" libraryRef="cell_lib">
					<property name="INIT" value="6A"/>
				</instance>
				<instance name="L4" moduleRef="LUT4" libraryRef="cell_lib">
					<property name="INIT" value="F708"/>
				</instance>
				<instance name="L5" moduleRef="LUT3" libraryRef="cell_lib">
					<property name="INIT" value="B4"/>
				</instance>
				<instance name="L6" moduleRef="LUT4" libraryRef="cell_lib">
					<property name="INIT" value="7F80"/>
				</instance>
				<instance name="L7" moduleRef="LUT3" libraryRef="cell_lib">
					<property name="INIT" value="6C"/>
				</instance>
				<instance name="L8" moduleRef="LUT2" libraryRef="cell_lib">
					<property name="INIT" value="6"/>
				</instance>
				<instance name="L9" moduleRef="LUT4" libraryRef="cell_lib">
					<property name="INIT" value="57FF"/>
				</instance>
				<instance name="L10" moduleRef="LUT3" libraryRef="cell_lib">
					<property name="INIT" value="4F"/>
				</instance>
				<instance name="L11" moduleRef="LUT4" libraryRef="cell_lib">
					<property name="INIT" value="01FF"/>
				</instance>
				<instance name="L12" moduleRef="LUT4" libraryRef="cell_lib">
					<property name="INIT" value="FFFD"/>
				</instance>
				<instance name="L13" moduleRef="LUT3" libraryRef="cell_lib">
					<property name="INIT" value="DF"/>
				</instance>
				<instance name="L14" moduleRef="LUT3" libraryRef="cell_lib">
					<property name="INIT" value="DF"/>
				</instance>
				<instance name="L15" moduleRef="LUT4" libraryRef="cell_lib">
					<property name="INIT" value="0DFF"/>
				</instance>
				<instance name="L16" moduleRef="LUT2" libraryRef="cell_lib">
					<property name="INIT" value="8"/>
				</instance>
				<instance name="L17" moduleRef="LUT3" libraryRef="cell_lib">
					<property name="INIT" value="7F"/>
				</instance>
				<instance name="L18" moduleRef="LUT4" libraryRef="cell_lib">
					<property name="INIT" value="0080"/>
				</instance>
				<instance name="L19" moduleRef="LUT4" libraryRef="cell_lib">
					<property name="INIT" value="DFFF"/>
				</instance>
				<instance name="L20" moduleRef="LUT4" libraryRef="cell_lib">
					<property name="INIT" value="FFDF"/>
				</instance>
				<instance name="L21" moduleRef="LUT3" libraryRef="cell_lib">
					<property name="INIT" value="EF"/>
				</instance>
				<instance name="L22" moduleRef="LUT4" libraryRef="cell_lib">
					<property name="INIT" value="0105"/>
				</instance>
				<instance name="L23" moduleRef="LUT4" libraryRef="cell_lib">
					<property name="INIT" value="2333"/>
				</instance>
				<instance name="L24" moduleRef="LUT4" libraryRef="cell_lib">
					<property name="INIT" value="153F"/>
				</instance>
				<instance name="L25" moduleRef="LUT4" libraryRef="cell_lib">
					<property name="INIT" value="0501"/>
				</instance>
				<instance name="L26" moduleRef="LUT4" libraryRef="cell_lib">
					<property name="INIT" value="1333"/>
				</instance>
				<instance name="L27" moduleRef="LUT4" libraryRef="cell_lib">
					<property name="INIT" value="0400"/>
				</instance>
				<instance name="L28" moduleRef="LUT4" libraryRef="cell_lib">
					<property name="INIT" value="0100"/>
				</instance>
				<instance name="L29" moduleRef="LUT4" libraryRef="cell_lib">
					<property name="INIT" value="F808"/>
				</instance>
				<instance name="L30" moduleRef="LUT3" libraryRef="cell_lib">
					<property name="INIT" value="40"/>
				</instance>
				<instance name="L31" moduleRef="LUT4" libraryRef="cell_lib">
					<property name="INIT" value="22E2"/>
				</instance>
				<instance name="L32" moduleRef="LUT3" libraryRef="cell_lib">
					<property name="INIT" value="1F"/>
				</instance>
				<instance name="L33" moduleRef="LUT4" libraryRef="cell_lib">
					<property name="INIT" value="5444"/>
				</instance>
				<instance name="L34" moduleRef="LUT4" libraryRef="cell_lib">
					<property name="INIT" value="5155"/>
				</instance>
				<instance name="L35" moduleRef="LUT4" libraryRef="cell_lib">
					<property name="INIT" value="1110"/>
				</instance>
				<instance name="L36" moduleRef="LUT3" libraryRef="cell_lib">
					<property name="INIT" value="70"/>
				</instance>
				<instance name="L37" moduleRef="LUT4" libraryRef="cell_lib">
					<property name="INIT" value="0105"/>
				</instance>
				<instance name="L38" moduleRef="LUT3" libraryRef="cell_lib">
					<property name="INIT" value="01"/>
				</instance>
				<instance name="L39" moduleRef="LUT2" libraryRef="cell_lib">
					<property name="INIT" value="2"/>
				</instance>
				<instance name="L40" moduleRef="LUT3" libraryRef="cell_lib">
					<property name="INIT" value="FE"/>
				</instance>
				<instance name="L41" moduleRef="LUT4" libraryRef="cell_lib">
					<property name="INIT" value="5057"/>
				</instance>
				<instance name="L42" moduleRef="LUT4" libraryRef="cell_lib">
					<property name="INIT" value="0020"/>
				</instance>
				<instance name="L43" moduleRef="LUT4" libraryRef="cell_lib">
					<property name="INIT" value="0400"/>
				</instance>
				<instance name="L44" moduleRef="LUT3" libraryRef="cell_lib">
					<property name="INIT" value="40"/>
				</instance>
				<instance name="L45" moduleRef="LUT4" libraryRef="cell_lib">
					<property name="INIT" value="0004"/>
				</instance>
				<instance name="L46" moduleRef="LUT4" libraryRef="cell_lib">
					<property name="INIT" value="0002"/>
				</instance>
				<instance name="L47" moduleRef="LUT2" libraryRef="cell_lib">
					<property name="INIT" value="1"/>
				</instance>
				<instance name="L48" moduleRef="LUT3" libraryRef="cell_lib">
					<property name="INIT" value="04"/>
				</instance>
				<instance name="L49" moduleRef="LUT2" libraryRef="cell_lib">
					<property name="INIT" value="8"/>
				</instance>
				<instance name="L50" moduleRef="LUT4" libraryRef="cell_lib">
					<property name="INIT" value="0020"/>
				</instance>
				<instance name="L51" moduleRef="LUT4" libraryRef="cell_lib">
					<property name="INIT" value="0040"/>
				</instance>
				<instance name="L52" moduleRef="LUT4" libraryRef="cell_lib">
					<property name="INIT" value="0020"/>
				</instance>
				<instance name="L53" moduleRef="LUT2" libraryRef="cell_lib">
					<property name="INIT" value="4"/>
				</instance>
				<instance name="L54" moduleRef="LUT3" libraryRef="cell_lib">
					<property name="INIT" value="04"/>
				</instance>
				<instance name="L55" moduleRef="LUT4" libraryRef="cell_lib">
					<property name="INIT" value="FBFF"/>
				</instance>
				<instance name="L56" moduleRef="LUT4" libraryRef="cell_lib">
					<property name="INIT" value="4000"/>
				</instance>
				<instance name="L57" moduleRef="LUT4" libraryRef="cell_lib">
					<property name="INIT" value="00EA"/>
				</instance>
				<instance name="L58" moduleRef="LUT4" libraryRef="cell_lib">
					<property name="INIT" value="8200"/>
				</instance>
				<instance name="L59" moduleRef="LUT4" libraryRef="cell_lib">
					<property name="INIT" value="CF88"/>
				</instance>
				<instance name="L60" moduleRef="LUT4" libraryRef="cell_lib">
					<property name="INIT" value="AAA2"/>
				</instance>
				<instance name="L61" moduleRef="LUT4" libraryRef="cell_lib">
					<property name="INIT" value="1333"/>
				</instance>
				<instance name="L62" moduleRef="LUT4" libraryRef="cell_lib">
					<property name="INIT" value="0004"/>
				</instance>
				<instance name="L63" moduleRef="LUT4" libraryRef="cell_lib">
					<property name="INIT" value="0004"/>
				</instance>
				<instance name="L64" moduleRef="LUT4" libraryRef="cell_lib">
					<property name="INIT" value="0020"/>
				</instance>
				<instance name="L65" moduleRef="LUT4" libraryRef="cell_lib">
					<property name="INIT" value="1000"/>
				</instance>
				<instance name="L66" moduleRef="LUT4" libraryRef="cell_lib">
					<property name="INIT" value="5155"/>
				</instance>
				<instance name="L67" moduleRef="LUT4" libraryRef="cell_lib">
					<property name="INIT" value="5155"/>
				</instance>
				<instance name="L68" moduleRef="LUT4" libraryRef="cell_lib">
					<property name="INIT" value="0400"/>
				</instance>
				<instance name="L69" moduleRef="LUT2" libraryRef="cell_lib">
					<property name="INIT" value="2"/>
				</instance>
				<instance name="L70" moduleRef="LUT3" libraryRef="cell_lib">
					<property name="INIT" value="C1"/>
				</instance>
				<instance name="L71" moduleRef="LUT3" libraryRef="cell_lib">
					<property name="INIT" value="FB"/>
				</instance>
				<instance name="L72" moduleRef="LUT4" libraryRef="cell_lib">
					<property name="INIT" value="0001"/>
				</instance>
				<instance name="L73" moduleRef="LUT4" libraryRef="cell_lib">
					<property name="INIT" value="FFDF"/>
				</instance>
				<instance name="L74" moduleRef="LUT3" libraryRef="cell_lib">
					<property name="INIT" value="20"/>
				</instance>
				<instance name="L75" moduleRef="LUT2" libraryRef="cell_lib">
					<property name="INIT" value="8"/>
				</instance>
				<instance name="L76" moduleRef="LUT3" libraryRef="cell_lib">
					<property name="INIT" value="D0"/>
				</instance>
				<instance name="L77" moduleRef="LUT4" libraryRef="cell_lib">
					<property name="INIT" value="0004"/>
				</instance>
				<instance name="L78" moduleRef="LUT2" libraryRef="cell_lib">
					<property name="INIT" value="8"/>
				</instance>
				<instance name="Buf-pad-clk" moduleRef="CLKBUF" libraryRef="cell_lib"/>
				<instance name="IBuf-clkpad-clk" moduleRef="CLKBUF" libraryRef="cell_lib"/>
				<instance name="Buf-pad-rst" moduleRef="IBUF" libraryRef="cell_lib"/>
				<instance name="clk_ipad" moduleRef="IPAD" libraryRef="cell_lib"/>
				<instance name="rst_ipad" moduleRef="IPAD" libraryRef="cell_lib"/>
				<instance name="Buf-pad-lcd_db[7]" moduleRef="OBUF" libraryRef="cell_lib"/>
				<instance name="Buf-pad-lcd_db[6]" moduleRef="OBUF" libraryRef="cell_lib"/>
				<instance name="Buf-pad-lcd_db[5]" moduleRef="OBUF" libraryRef="cell_lib"/>
				<instance name="Buf-pad-lcd_db[4]" moduleRef="OBUF" libraryRef="cell_lib"/>
				<instance name="Buf-pad-lcd_db[3]" moduleRef="OBUF" libraryRef="cell_lib"/>
				<instance name="Buf-pad-lcd_db[2]" moduleRef="OBUF" libraryRef="cell_lib"/>
				<instance name="Buf-pad-lcd_db[1]" moduleRef="OBUF" libraryRef="cell_lib"/>
				<instance name="Buf-pad-lcd_db[0]" moduleRef="OBUF" libraryRef="cell_lib"/>
				<instance name="Buf-pad-lcd_en" moduleRef="OBUF" libraryRef="cell_lib"/>
				<instance name="Buf-pad-lcd_rst" moduleRef="OBUF" libraryRef="cell_lib"/>
				<instance name="lcd_db[7]_opad" moduleRef="OPAD" libraryRef="cell_lib"/>
				<instance name="lcd_db[6]_opad" moduleRef="OPAD" libraryRef="cell_lib"/>
				<instance name="lcd_db[5]_opad" moduleRef="OPAD" libraryRef="cell_lib"/>
				<instance name="lcd_db[4]_opad" moduleRef="OPAD" libraryRef="cell_lib"/>
				<instance name="lcd_db[3]_opad" moduleRef="OPAD" libraryRef="cell_lib"/>
				<instance name="lcd_db[2]_opad" moduleRef="OPAD" libraryRef="cell_lib"/>
				<instance name="lcd_db[1]_opad" moduleRef="OPAD" libraryRef="cell_lib"/>
				<instance name="lcd_db[0]_opad" moduleRef="OPAD" libraryRef="cell_lib"/>
				<instance name="lcd_en_opad" moduleRef="OPAD" libraryRef="cell_lib"/>
				<instance name="lcd_rst_opad" moduleRef="OPAD" libraryRef="cell_lib"/>
				<instance name="VCC" moduleRef="LOGIC_1" libraryRef="cell_lib"/>
				<instance name="GND" moduleRef="LOGIC_0" libraryRef="cell_lib"/>
				<net name="net_Buf-pad-lcd_db[7]">
					<portRef name="LOGIC_0_PIN" instanceRef="GND"/>
					<portRef name="I" instanceRef="Buf-pad-lcd_db[7]"/>
				</net>
				<net name="net_Buf-pad-lcd_db[6]">
					<portRef name="Q" instanceRef="lcd_db_reg[6]"/>
					<portRef name="I" instanceRef="Buf-pad-lcd_db[6]"/>
				</net>
				<net name="net_Buf-pad-lcd_db[5]">
					<portRef name="Q" instanceRef="lcd_db_reg[5]"/>
					<portRef name="I" instanceRef="Buf-pad-lcd_db[5]"/>
				</net>
				<net name="net_Buf-pad-lcd_db[4]">
					<portRef name="Q" instanceRef="lcd_db_reg[4]"/>
					<portRef name="I" instanceRef="Buf-pad-lcd_db[4]"/>
				</net>
				<net name="net_Buf-pad-lcd_db[3]">
					<portRef name="Q" instanceRef="lcd_db_reg[3]"/>
					<portRef name="I" instanceRef="Buf-pad-lcd_db[3]"/>
				</net>
				<net name="net_Buf-pad-lcd_db[2]">
					<portRef name="Q" instanceRef="lcd_db_reg[2]"/>
					<portRef name="I" instanceRef="Buf-pad-lcd_db[2]"/>
				</net>
				<net name="net_Buf-pad-lcd_db[1]">
					<portRef name="Q" instanceRef="lcd_db_reg[1]"/>
					<portRef name="I" instanceRef="Buf-pad-lcd_db[1]"/>
				</net>
				<net name="net_Buf-pad-lcd_db[0]">
					<portRef name="Q" instanceRef="lcd_db_reg[0]"/>
					<portRef name="I" instanceRef="Buf-pad-lcd_db[0]"/>
				</net>
				<net name="net_IBuf-clkpad-clk">
					<portRef name="O" instanceRef="IBuf-clkpad-clk"/>
					<portRef name="CK" instanceRef="cnt_lcd_reg[0]"/>
					<portRef name="CK" instanceRef="cnt_lcd_reg[1]"/>
					<portRef name="CK" instanceRef="cnt_lcd_reg[2]"/>
					<portRef name="CK" instanceRef="cnt_lcd_reg[3]"/>
					<portRef name="CK" instanceRef="cnt_lcd_reg[4]"/>
					<portRef name="CK" instanceRef="cnt_lcd_reg[5]"/>
					<portRef name="CK" instanceRef="sentence_sel_reg[0]"/>
					<portRef name="CK" instanceRef="sentence_sel_reg[1]"/>
					<portRef name="CK" instanceRef="lcd_db_reg[6]"/>
					<portRef name="CK" instanceRef="lcd_db_reg[5]"/>
					<portRef name="CK" instanceRef="lcd_db_reg[3]"/>
					<portRef name="CK" instanceRef="lcd_db_reg[1]"/>
					<portRef name="CK" instanceRef="lcd_db_reg[0]"/>
					<portRef name="CK" instanceRef="lcd_db_reg[4]"/>
					<portRef name="CK" instanceRef="lcd_db_reg[2]"/>
				</net>
				<net name="net_Buf-pad-lcd_en">
					<portRef name="Q" instanceRef="cnt_lcd_reg[0]"/>
					<portRef name="ADR0" instanceRef="L1"/>
					<portRef name="ADR1" instanceRef="L1"/>
					<portRef name="ADR1" instanceRef="L6"/>
					<portRef name="ADR2" instanceRef="L7"/>
					<portRef name="ADR0" instanceRef="L8"/>
					<portRef name="ADR1" instanceRef="L10"/>
					<portRef name="ADR1" instanceRef="L17"/>
					<portRef name="ADR3" instanceRef="L19"/>
					<portRef name="ADR2" instanceRef="L20"/>
					<portRef name="ADR2" instanceRef="L21"/>
					<portRef name="ADR0" instanceRef="L24"/>
					<portRef name="ADR3" instanceRef="L27"/>
					<portRef name="ADR0" instanceRef="L29"/>
					<portRef name="ADR2" instanceRef="L30"/>
					<portRef name="ADR2" instanceRef="L33"/>
					<portRef name="ADR3" instanceRef="L34"/>
					<portRef name="ADR0" instanceRef="L36"/>
					<portRef name="ADR0" instanceRef="L49"/>
					<portRef name="ADR1" instanceRef="L51"/>
					<portRef name="ADR2" instanceRef="L52"/>
					<portRef name="ADR1" instanceRef="L53"/>
					<portRef name="ADR2" instanceRef="L56"/>
					<portRef name="ADR3" instanceRef="L58"/>
					<portRef name="ADR1" instanceRef="L62"/>
					<portRef name="ADR2" instanceRef="L65"/>
					<portRef name="ADR3" instanceRef="L68"/>
					<portRef name="ADR2" instanceRef="L74"/>
					<portRef name="ADR1" instanceRef="L75"/>
					<portRef name="ADR2" instanceRef="L76"/>
					<portRef name="I" instanceRef="Buf-pad-lcd_en"/>
				</net>
				<net name="net_L15">
					<portRef name="O" instanceRef="L15"/>
					<portRef name="D" instanceRef="lcd_db_reg[0]"/>
				</net>
				<net name="net_L14">
					<portRef name="O" instanceRef="L14"/>
					<portRef name="D" instanceRef="lcd_db_reg[1]"/>
				</net>
				<net name="net_L13">
					<portRef name="O" instanceRef="L13"/>
					<portRef name="D" instanceRef="lcd_db_reg[2]"/>
				</net>
				<net name="net_L12">
					<portRef name="O" instanceRef="L12"/>
					<portRef name="D" instanceRef="lcd_db_reg[3]"/>
				</net>
				<net name="net_L11">
					<portRef name="O" instanceRef="L11"/>
					<portRef name="D" instanceRef="lcd_db_reg[4]"/>
				</net>
				<net name="net_L10">
					<portRef name="O" instanceRef="L10"/>
					<portRef name="D" instanceRef="lcd_db_reg[5]"/>
				</net>
				<net name="net_L9">
					<portRef name="O" instanceRef="L9"/>
					<portRef name="D" instanceRef="lcd_db_reg[6]"/>
				</net>
				<net name="net_L8">
					<portRef name="O" instanceRef="L8"/>
					<portRef name="D" instanceRef="cnt_lcd_reg[1]"/>
				</net>
				<net name="net_L7">
					<portRef name="O" instanceRef="L7"/>
					<portRef name="D" instanceRef="cnt_lcd_reg[2]"/>
				</net>
				<net name="net_L6">
					<portRef name="O" instanceRef="L6"/>
					<portRef name="D" instanceRef="cnt_lcd_reg[3]"/>
				</net>
				<net name="net_L5">
					<portRef name="O" instanceRef="L5"/>
					<portRef name="D" instanceRef="cnt_lcd_reg[4]"/>
				</net>
				<net name="net_L4">
					<portRef name="O" instanceRef="L4"/>
					<portRef name="D" instanceRef="cnt_lcd_reg[5]"/>
				</net>
				<net name="net_L3">
					<portRef name="O" instanceRef="L3"/>
					<portRef name="D" instanceRef="sentence_sel_reg[1]"/>
				</net>
				<net name="net_L2">
					<portRef name="O" instanceRef="L2"/>
					<portRef name="D" instanceRef="sentence_sel_reg[0]"/>
				</net>
				<net name="net_L18">
					<portRef name="O" instanceRef="L18"/>
					<portRef name="ADR1" instanceRef="L3"/>
				</net>
				<net name="net_L16">
					<portRef name="O" instanceRef="L16"/>
					<portRef name="ADR2" instanceRef="L2"/>
				</net>
				<net name="net_L17">
					<portRef name="O" instanceRef="L17"/>
					<portRef name="ADR3" instanceRef="L2"/>
					<portRef name="ADR2" instanceRef="L4"/>
					<portRef name="ADR0" instanceRef="L5"/>
					<portRef name="ADR3" instanceRef="L18"/>
					<portRef name="ADR3" instanceRef="L45"/>
				</net>
				<net name="net_L39">
					<portRef name="O" instanceRef="L39"/>
					<portRef name="ADR0" instanceRef="L20"/>
					<portRef name="ADR0" instanceRef="L52"/>
				</net>
				<net name="net_L53">
					<portRef name="O" instanceRef="L53"/>
					<portRef name="ADR2" instanceRef="L26"/>
					<portRef name="ADR0" instanceRef="L46"/>
					<portRef name="ADR0" instanceRef="L50"/>
					<portRef name="ADR0" instanceRef="L64"/>
					<portRef name="ADR0" instanceRef="L73"/>
				</net>
				<net name="net_L20">
					<portRef name="O" instanceRef="L20"/>
					<portRef name="ADR2" instanceRef="L9"/>
					<portRef name="ADR0" instanceRef="L13"/>
				</net>
				<net name="net_L21">
					<portRef name="O" instanceRef="L21"/>
					<portRef name="ADR3" instanceRef="L9"/>
				</net>
				<net name="net_L19">
					<portRef name="O" instanceRef="L19"/>
					<portRef name="ADR0" instanceRef="L9"/>
					<portRef name="ADR0" instanceRef="L60"/>
				</net>
				<net name="net_L38">
					<portRef name="O" instanceRef="L38"/>
					<portRef name="ADR0" instanceRef="L19"/>
					<portRef name="ADR0" instanceRef="L41"/>
				</net>
				<net name="net_L22">
					<portRef name="O" instanceRef="L22"/>
					<portRef name="ADR0" instanceRef="L10"/>
				</net>
				<net name="net_L23">
					<portRef name="O" instanceRef="L23"/>
					<portRef name="ADR2" instanceRef="L10"/>
				</net>
				<net name="net_L46">
					<portRef name="O" instanceRef="L46"/>
					<portRef name="ADR2" instanceRef="L23"/>
					<portRef name="ADR2" instanceRef="L24"/>
					<portRef name="ADR3" instanceRef="L37"/>
				</net>
				<net name="net_L47">
					<portRef name="O" instanceRef="L47"/>
					<portRef name="ADR3" instanceRef="L23"/>
					<portRef name="ADR0" instanceRef="L26"/>
					<portRef name="ADR2" instanceRef="L61"/>
					<portRef name="ADR0" instanceRef="L65"/>
				</net>
				<net name="net_L45">
					<portRef name="O" instanceRef="L45"/>
					<portRef name="ADR1" instanceRef="L23"/>
					<portRef name="ADR0" instanceRef="L34"/>
				</net>
				<net name="net_L43">
					<portRef name="O" instanceRef="L43"/>
					<portRef name="ADR1" instanceRef="L22"/>
					<portRef name="ADR3" instanceRef="L41"/>
					<portRef name="ADR1" instanceRef="L57"/>
					<portRef name="ADR2" instanceRef="L59"/>
				</net>
				<net name="net_L44">
					<portRef name="O" instanceRef="L44"/>
					<portRef name="ADR2" instanceRef="L22"/>
					<portRef name="ADR1" instanceRef="L34"/>
				</net>
				<net name="net_L42">
					<portRef name="O" instanceRef="L42"/>
					<portRef name="ADR0" instanceRef="L22"/>
				</net>
				<net name="net_L24">
					<portRef name="O" instanceRef="L24"/>
					<portRef name="ADR0" instanceRef="L11"/>
				</net>
				<net name="net_L25">
					<portRef name="O" instanceRef="L25"/>
					<portRef name="ADR3" instanceRef="L11"/>
				</net>
				<net name="net_L50">
					<portRef name="O" instanceRef="L50"/>
					<portRef name="ADR1" instanceRef="L25"/>
				</net>
				<net name="net_L51">
					<portRef name="O" instanceRef="L51"/>
					<portRef name="ADR2" instanceRef="L25"/>
				</net>
				<net name="net_L49">
					<portRef name="O" instanceRef="L49"/>
					<portRef name="ADR0" instanceRef="L25"/>
				</net>
				<net name="net_L55">
					<portRef name="O" instanceRef="L55"/>
					<portRef name="ADR0" instanceRef="L27"/>
					<portRef name="ADR3" instanceRef="L51"/>
				</net>
				<net name="net_L73">
					<portRef name="O" instanceRef="L73"/>
					<portRef name="ADR3" instanceRef="L60"/>
				</net>
				<net name="net_L48">
					<portRef name="O" instanceRef="L48"/>
					<portRef name="ADR3" instanceRef="L24"/>
					<portRef name="ADR0" instanceRef="L61"/>
					<portRef name="ADR3" instanceRef="L65"/>
				</net>
				<net name="net_L26">
					<portRef name="O" instanceRef="L26"/>
					<portRef name="ADR0" instanceRef="L12"/>
				</net>
				<net name="net_L27">
					<portRef name="O" instanceRef="L27"/>
					<portRef name="ADR1" instanceRef="L12"/>
					<portRef name="ADR2" instanceRef="L37"/>
				</net>
				<net name="net_L28">
					<portRef name="O" instanceRef="L28"/>
					<portRef name="ADR2" instanceRef="L12"/>
					<portRef name="ADR1" instanceRef="L32"/>
				</net>
				<net name="net_L29">
					<portRef name="O" instanceRef="L29"/>
					<portRef name="ADR3" instanceRef="L12"/>
				</net>
				<net name="net_L58">
					<portRef name="O" instanceRef="L58"/>
					<portRef name="ADR3" instanceRef="L29"/>
					<portRef name="ADR0" instanceRef="L32"/>
				</net>
				<net name="net_L54">
					<portRef name="O" instanceRef="L54"/>
					<portRef name="ADR3" instanceRef="L26"/>
					<portRef name="ADR0" instanceRef="L58"/>
					<portRef name="ADR1" instanceRef="L66"/>
					<portRef name="ADR1" instanceRef="L67"/>
				</net>
				<net name="net_L52">
					<portRef name="O" instanceRef="L52"/>
					<portRef name="ADR1" instanceRef="L26"/>
					<portRef name="ADR1" instanceRef="L33"/>
				</net>
				<net name="net_L59">
					<portRef name="O" instanceRef="L59"/>
					<portRef name="ADR0" instanceRef="L30"/>
				</net>
				<net name="net_L31">
					<portRef name="O" instanceRef="L31"/>
					<portRef name="ADR2" instanceRef="L13"/>
				</net>
				<net name="net_L60">
					<portRef name="O" instanceRef="L60"/>
					<portRef name="ADR0" instanceRef="L31"/>
				</net>
				<net name="net_L61">
					<portRef name="O" instanceRef="L61"/>
					<portRef name="ADR2" instanceRef="L31"/>
				</net>
				<net name="net_L62">
					<portRef name="O" instanceRef="L62"/>
					<portRef name="ADR3" instanceRef="L31"/>
				</net>
				<net name="net_L75">
					<portRef name="O" instanceRef="L75"/>
					<portRef name="ADR3" instanceRef="L61"/>
					<portRef name="ADR0" instanceRef="L66"/>
				</net>
				<net name="net_L74">
					<portRef name="O" instanceRef="L74"/>
					<portRef name="ADR1" instanceRef="L61"/>
				</net>
				<net name="net_L70">
					<portRef name="O" instanceRef="L70"/>
					<portRef name="ADR0" instanceRef="L42"/>
					<portRef name="ADR0" instanceRef="L74"/>
				</net>
				<net name="net_L71">
					<portRef name="O" instanceRef="L71"/>
					<portRef name="ADR0" instanceRef="L44"/>
					<portRef name="ADR0" instanceRef="L68"/>
					<portRef name="ADR1" instanceRef="L74"/>
				</net>
				<net name="net_L69">
					<portRef name="O" instanceRef="L69"/>
					<portRef name="ADR1" instanceRef="L37"/>
					<portRef name="ADR2" instanceRef="L66"/>
					<portRef name="ADR2" instanceRef="L67"/>
				</net>
				<net name="net_L40">
					<portRef name="O" instanceRef="L40"/>
					<portRef name="ADR3" instanceRef="L20"/>
					<portRef name="ADR0" instanceRef="L45"/>
					<portRef name="ADR3" instanceRef="L52"/>
					<portRef name="ADR3" instanceRef="L59"/>
					<portRef name="ADR2" instanceRef="L62"/>
					<portRef name="ADR1" instanceRef="L64"/>
				</net>
				<net name="net_L34">
					<portRef name="O" instanceRef="L34"/>
					<portRef name="ADR2" instanceRef="L14"/>
				</net>
				<net name="net_L32">
					<portRef name="O" instanceRef="L32"/>
					<portRef name="ADR0" instanceRef="L14"/>
				</net>
				<net name="net_L68">
					<portRef name="O" instanceRef="L68"/>
					<portRef name="ADR0" instanceRef="L37"/>
				</net>
				<net name="net_L37">
					<portRef name="O" instanceRef="L37"/>
					<portRef name="ADR3" instanceRef="L15"/>
				</net>
				<net name="net_L35">
					<portRef name="O" instanceRef="L35"/>
					<portRef name="ADR0" instanceRef="L15"/>
				</net>
				<net name="net_L77">
					<portRef name="O" instanceRef="L77"/>
					<portRef name="ADR0" instanceRef="L67"/>
				</net>
				<net name="net_L0">
					<portRef name="O" instanceRef="L0"/>
					<portRef name="RN" instanceRef="cnt_lcd_reg[0]"/>
					<portRef name="RN" instanceRef="cnt_lcd_reg[1]"/>
					<portRef name="RN" instanceRef="cnt_lcd_reg[2]"/>
					<portRef name="RN" instanceRef="cnt_lcd_reg[3]"/>
					<portRef name="RN" instanceRef="cnt_lcd_reg[4]"/>
					<portRef name="RN" instanceRef="cnt_lcd_reg[5]"/>
					<portRef name="RN" instanceRef="sentence_sel_reg[0]"/>
					<portRef name="RN" instanceRef="sentence_sel_reg[1]"/>
					<portRef name="RN" instanceRef="lcd_db_reg[6]"/>
					<portRef name="RN" instanceRef="lcd_db_reg[5]"/>
					<portRef name="RN" instanceRef="lcd_db_reg[3]"/>
					<portRef name="RN" instanceRef="lcd_db_reg[1]"/>
					<portRef name="RN" instanceRef="lcd_db_reg[0]"/>
					<portRef name="RN" instanceRef="lcd_db_reg[4]"/>
					<portRef name="RN" instanceRef="lcd_db_reg[2]"/>
				</net>
				<net name="net_L1">
					<portRef name="O" instanceRef="L1"/>
					<portRef name="D" instanceRef="cnt_lcd_reg[0]"/>
				</net>
				<net name="cnt_lcd[5]">
					<portRef name="Q" instanceRef="cnt_lcd_reg[5]"/>
					<portRef name="ADR1" instanceRef="L2"/>
					<portRef name="ADR3" instanceRef="L4"/>
					<portRef name="ADR0" instanceRef="L18"/>
					<portRef name="ADR2" instanceRef="L28"/>
					<portRef name="ADR2" instanceRef="L38"/>
					<portRef name="ADR2" instanceRef="L40"/>
					<portRef name="ADR3" instanceRef="L42"/>
					<portRef name="ADR2" instanceRef="L43"/>
					<portRef name="ADR3" instanceRef="L46"/>
					<portRef name="ADR0" instanceRef="L48"/>
					<portRef name="ADR1" instanceRef="L50"/>
					<portRef name="ADR2" instanceRef="L54"/>
					<portRef name="ADR2" instanceRef="L55"/>
					<portRef name="ADR0" instanceRef="L63"/>
					<portRef name="ADR2" instanceRef="L71"/>
					<portRef name="ADR2" instanceRef="L72"/>
					<portRef name="ADR1" instanceRef="L73"/>
					<portRef name="ADR0" instanceRef="L77"/>
				</net>
				<net name="cnt_lcd[4]">
					<portRef name="Q" instanceRef="cnt_lcd_reg[4]"/>
					<portRef name="ADR1" instanceRef="L4"/>
					<portRef name="ADR2" instanceRef="L5"/>
					<portRef name="ADR1" instanceRef="L15"/>
					<portRef name="ADR1" instanceRef="L16"/>
					<portRef name="ADR2" instanceRef="L18"/>
					<portRef name="ADR3" instanceRef="L22"/>
					<portRef name="ADR0" instanceRef="L23"/>
					<portRef name="ADR1" instanceRef="L24"/>
					<portRef name="ADR2" instanceRef="L29"/>
					<portRef name="ADR1" instanceRef="L31"/>
					<portRef name="ADR2" instanceRef="L32"/>
					<portRef name="ADR2" instanceRef="L36"/>
					<portRef name="ADR1" instanceRef="L39"/>
					<portRef name="ADR2" instanceRef="L41"/>
					<portRef name="ADR2" instanceRef="L45"/>
					<portRef name="ADR2" instanceRef="L51"/>
					<portRef name="ADR1" instanceRef="L59"/>
					<portRef name="ADR3" instanceRef="L63"/>
				</net>
				<net name="cnt_lcd[3]">
					<portRef name="Q" instanceRef="cnt_lcd_reg[3]"/>
					<portRef name="ADR0" instanceRef="L4"/>
					<portRef name="ADR1" instanceRef="L5"/>
					<portRef name="ADR3" instanceRef="L6"/>
					<portRef name="ADR2" instanceRef="L11"/>
					<portRef name="ADR0" instanceRef="L16"/>
					<portRef name="ADR1" instanceRef="L18"/>
					<portRef name="ADR1" instanceRef="L19"/>
					<portRef name="ADR0" instanceRef="L21"/>
					<portRef name="ADR3" instanceRef="L25"/>
					<portRef name="ADR2" instanceRef="L27"/>
					<portRef name="ADR0" instanceRef="L39"/>
					<portRef name="ADR2" instanceRef="L44"/>
					<portRef name="ADR1" instanceRef="L45"/>
					<portRef name="ADR1" instanceRef="L47"/>
					<portRef name="ADR0" instanceRef="L56"/>
					<portRef name="ADR2" instanceRef="L57"/>
					<portRef name="ADR1" instanceRef="L58"/>
					<portRef name="ADR0" instanceRef="L59"/>
					<portRef name="ADR1" instanceRef="L60"/>
					<portRef name="ADR3" instanceRef="L62"/>
					<portRef name="ADR3" instanceRef="L64"/>
					<portRef name="ADR0" instanceRef="L69"/>
					<portRef name="ADR1" instanceRef="L70"/>
					<portRef name="ADR3" instanceRef="L72"/>
					<portRef name="ADR1" instanceRef="L76"/>
					<portRef name="ADR1" instanceRef="L78"/>
				</net>
				<net name="cnt_lcd[2]">
					<portRef name="Q" instanceRef="cnt_lcd_reg[2]"/>
					<portRef name="ADR0" instanceRef="L6"/>
					<portRef name="ADR1" instanceRef="L7"/>
					<portRef name="ADR0" instanceRef="L17"/>
					<portRef name="ADR2" instanceRef="L19"/>
					<portRef name="ADR1" instanceRef="L20"/>
					<portRef name="ADR2" instanceRef="L34"/>
					<portRef name="ADR3" instanceRef="L43"/>
					<portRef name="ADR1" instanceRef="L52"/>
					<portRef name="ADR0" instanceRef="L53"/>
					<portRef name="ADR3" instanceRef="L55"/>
					<portRef name="ADR1" instanceRef="L56"/>
					<portRef name="ADR0" instanceRef="L62"/>
					<portRef name="ADR1" instanceRef="L65"/>
					<portRef name="ADR2" instanceRef="L68"/>
					<portRef name="ADR2" instanceRef="L70"/>
					<portRef name="ADR0" instanceRef="L75"/>
				</net>
				<net name="cnt_lcd[1]">
					<portRef name="Q" instanceRef="cnt_lcd_reg[1]"/>
					<portRef name="ADR2" instanceRef="L6"/>
					<portRef name="ADR0" instanceRef="L7"/>
					<portRef name="ADR1" instanceRef="L8"/>
					<portRef name="ADR1" instanceRef="L9"/>
					<portRef name="ADR1" instanceRef="L11"/>
					<portRef name="ADR2" instanceRef="L17"/>
					<portRef name="ADR1" instanceRef="L27"/>
					<portRef name="ADR1" instanceRef="L30"/>
					<portRef name="ADR0" instanceRef="L33"/>
					<portRef name="ADR1" instanceRef="L41"/>
					<portRef name="ADR1" instanceRef="L44"/>
					<portRef name="ADR0" instanceRef="L47"/>
					<portRef name="ADR0" instanceRef="L51"/>
					<portRef name="ADR3" instanceRef="L56"/>
					<portRef name="ADR3" instanceRef="L57"/>
					<portRef name="ADR2" instanceRef="L58"/>
					<portRef name="ADR2" instanceRef="L60"/>
					<portRef name="ADR2" instanceRef="L64"/>
					<portRef name="ADR1" instanceRef="L69"/>
					<portRef name="ADR0" instanceRef="L70"/>
					<portRef name="ADR0" instanceRef="L76"/>
					<portRef name="ADR3" instanceRef="L77"/>
					<portRef name="ADR0" instanceRef="L78"/>
				</net>
				<net name="sentence_sel[1]">
					<portRef name="Q" instanceRef="sentence_sel_reg[1]"/>
					<portRef name="ADR0" instanceRef="L3"/>
					<portRef name="ADR0" instanceRef="L28"/>
					<portRef name="ADR0" instanceRef="L38"/>
					<portRef name="ADR0" instanceRef="L40"/>
					<portRef name="ADR1" instanceRef="L42"/>
					<portRef name="ADR0" instanceRef="L43"/>
					<portRef name="ADR1" instanceRef="L46"/>
					<portRef name="ADR1" instanceRef="L48"/>
					<portRef name="ADR2" instanceRef="L50"/>
					<portRef name="ADR0" instanceRef="L54"/>
					<portRef name="ADR0" instanceRef="L55"/>
					<portRef name="ADR1" instanceRef="L63"/>
					<portRef name="ADR0" instanceRef="L71"/>
					<portRef name="ADR0" instanceRef="L72"/>
					<portRef name="ADR2" instanceRef="L73"/>
					<portRef name="ADR1" instanceRef="L77"/>
				</net>
				<net name="sentence_sel[0]">
					<portRef name="Q" instanceRef="sentence_sel_reg[0]"/>
					<portRef name="ADR0" instanceRef="L2"/>
					<portRef name="ADR2" instanceRef="L3"/>
					<portRef name="ADR1" instanceRef="L28"/>
					<portRef name="ADR1" instanceRef="L38"/>
					<portRef name="ADR1" instanceRef="L40"/>
					<portRef name="ADR2" instanceRef="L42"/>
					<portRef name="ADR1" instanceRef="L43"/>
					<portRef name="ADR2" instanceRef="L46"/>
					<portRef name="ADR2" instanceRef="L48"/>
					<portRef name="ADR3" instanceRef="L50"/>
					<portRef name="ADR1" instanceRef="L54"/>
					<portRef name="ADR1" instanceRef="L55"/>
					<portRef name="ADR2" instanceRef="L63"/>
					<portRef name="ADR1" instanceRef="L71"/>
					<portRef name="ADR1" instanceRef="L72"/>
					<portRef name="ADR3" instanceRef="L73"/>
					<portRef name="ADR2" instanceRef="L77"/>
				</net>
				<net name="net_Buf-pad-lcd_rst">
					<portRef name="O" instanceRef="Buf-pad-rst"/>
					<portRef name="ADR0" instanceRef="L0"/>
					<portRef name="ADR1" instanceRef="L0"/>
					<portRef name="I" instanceRef="Buf-pad-lcd_rst"/>
				</net>
				<net name="net_L41">
					<portRef name="O" instanceRef="L41"/>
					<portRef name="ADR1" instanceRef="L21"/>
				</net>
				<net name="net_L30">
					<portRef name="O" instanceRef="L30"/>
					<portRef name="ADR1" instanceRef="L13"/>
				</net>
				<net name="net_L33">
					<portRef name="O" instanceRef="L33"/>
					<portRef name="ADR1" instanceRef="L14"/>
				</net>
				<net name="net_L56">
					<portRef name="O" instanceRef="L56"/>
					<portRef name="ADR3" instanceRef="L28"/>
				</net>
				<net name="net_L63">
					<portRef name="O" instanceRef="L63"/>
					<portRef name="ADR3" instanceRef="L33"/>
					<portRef name="ADR1" instanceRef="L49"/>
				</net>
				<net name="net_L78">
					<portRef name="O" instanceRef="L78"/>
					<portRef name="ADR1" instanceRef="L68"/>
				</net>
				<net name="net_L36">
					<portRef name="O" instanceRef="L36"/>
					<portRef name="ADR2" instanceRef="L15"/>
				</net>
				<net name="net_L57">
					<portRef name="O" instanceRef="L57"/>
					<portRef name="ADR1" instanceRef="L29"/>
					<portRef name="ADR1" instanceRef="L36"/>
				</net>
				<net name="net_L72">
					<portRef name="O" instanceRef="L72"/>
					<portRef name="ADR0" instanceRef="L57"/>
				</net>
				<net name="net_L66">
					<portRef name="O" instanceRef="L66"/>
					<portRef name="ADR2" instanceRef="L35"/>
				</net>
				<net name="net_L67">
					<portRef name="O" instanceRef="L67"/>
					<portRef name="ADR3" instanceRef="L35"/>
				</net>
				<net name="net_L64">
					<portRef name="O" instanceRef="L64"/>
					<portRef name="ADR0" instanceRef="L35"/>
				</net>
				<net name="net_L65">
					<portRef name="O" instanceRef="L65"/>
					<portRef name="ADR1" instanceRef="L35"/>
				</net>
				<net name="net_L76">
					<portRef name="O" instanceRef="L76"/>
					<portRef name="ADR3" instanceRef="L66"/>
					<portRef name="ADR3" instanceRef="L67"/>
				</net>
				<net name="clk">
					<portRef name="clk"/>
					<portRef name="I" instanceRef="Buf-pad-clk"/>
					<portRef name="PAD" instanceRef="clk_ipad"/>
				</net>
				<net name="net_Buf-pad-clk">
					<portRef name="O" instanceRef="Buf-pad-clk"/>
					<portRef name="I" instanceRef="IBuf-clkpad-clk"/>
				</net>
				<net name="rst">
					<portRef name="rst"/>
					<portRef name="I" instanceRef="Buf-pad-rst"/>
					<portRef name="PAD" instanceRef="rst_ipad"/>
				</net>
				<net name="lcd_db[7]">
					<portRef name="PAD" instanceRef="lcd_db[7]_opad"/>
					<portRef name="O" instanceRef="Buf-pad-lcd_db[7]"/>
					<portRef name="lcd_db[7]"/>
				</net>
				<net name="lcd_db[6]">
					<portRef name="PAD" instanceRef="lcd_db[6]_opad"/>
					<portRef name="O" instanceRef="Buf-pad-lcd_db[6]"/>
					<portRef name="lcd_db[6]"/>
				</net>
				<net name="lcd_db[5]">
					<portRef name="PAD" instanceRef="lcd_db[5]_opad"/>
					<portRef name="O" instanceRef="Buf-pad-lcd_db[5]"/>
					<portRef name="lcd_db[5]"/>
				</net>
				<net name="lcd_db[4]">
					<portRef name="PAD" instanceRef="lcd_db[4]_opad"/>
					<portRef name="O" instanceRef="Buf-pad-lcd_db[4]"/>
					<portRef name="lcd_db[4]"/>
				</net>
				<net name="lcd_db[3]">
					<portRef name="PAD" instanceRef="lcd_db[3]_opad"/>
					<portRef name="O" instanceRef="Buf-pad-lcd_db[3]"/>
					<portRef name="lcd_db[3]"/>
				</net>
				<net name="lcd_db[2]">
					<portRef name="PAD" instanceRef="lcd_db[2]_opad"/>
					<portRef name="O" instanceRef="Buf-pad-lcd_db[2]"/>
					<portRef name="lcd_db[2]"/>
				</net>
				<net name="lcd_db[1]">
					<portRef name="PAD" instanceRef="lcd_db[1]_opad"/>
					<portRef name="O" instanceRef="Buf-pad-lcd_db[1]"/>
					<portRef name="lcd_db[1]"/>
				</net>
				<net name="lcd_db[0]">
					<portRef name="PAD" instanceRef="lcd_db[0]_opad"/>
					<portRef name="O" instanceRef="Buf-pad-lcd_db[0]"/>
					<portRef name="lcd_db[0]"/>
				</net>
				<net name="lcd_en">
					<portRef name="PAD" instanceRef="lcd_en_opad"/>
					<portRef name="O" instanceRef="Buf-pad-lcd_en"/>
					<portRef name="lcd_en"/>
				</net>
				<net name="lcd_rst">
					<portRef name="PAD" instanceRef="lcd_rst_opad"/>
					<portRef name="O" instanceRef="Buf-pad-lcd_rst"/>
					<portRef name="lcd_rst"/>
				</net>
			</contents>
		</module>
	</library>
	<topModule name="name_display" libraryRef="work_lib"/>
</design>

