{
    "J7": {
        "LED D0": "1",
        "P147": "2",
        "LED D1": "3",
        "P145": "4",
        "LED D2": "5",
        "P141": "6",
        "LED D3": "7",
        "P140": "8",
        "LED D4": "9",
        "P139": "10",
        "+5V": "12",
        "LED D5": "13",
        "P138": "14",
        "LED D6": "15",
        "P136": "16",
        "LED D7": "17",
        "P135": "18",
        "SW1.1": "19",
        "P134": "20",
        "SW1.2": "21",
        "P133": "22",
        "BT1": "23",
        "P132": "24",
        "BT2": "25",
        "P129": "26",
        "GND": "39",
        "P127": "28",
        "+3.3V": "30",
        "P126": "32",
        "P125": "34",
        "P123": "36",
        "P122": "38",
        "P121": "40"
    },
    "J8": {
        "P147": "1",
        "P146": "2",
        "P145": "3",
        "P141": "5",
        "P140": "7",
        "P139": "9",
        "+5V": "11",
        "GND": "30",
        "P138": "13",
        "P136": "15",
        "P135": "17",
        "P134": "19",
        "P133": "21",
        "P132": "23",
        "P129": "25",
        "P127": "27",
        "+3.3V": "29",
        "P126": "31",
        "P125": "33",
        "P123": "35",
        "P122": "37",
        "P121": "39"
    }
}