{
    "J7": {
        "1": "LED D0",
        "2": "P147",
        "3": "LED D1",
        "4": "P145",
        "5": "LED D2",
        "6": "P141",
        "7": "LED D3",
        "8": "P140",
        "9": "LED D4",
        "10": "P139",
        "11": "+5V",
        "12": "+5V",
        "13": "LED D5",
        "14": "P138",
        "15": "LED D6",
        "16": "P136",
        "17": "LED D7",
        "18": "P135",
        "19": "SW1.1",
        "20": "P134",
        "21": "SW1.2",
        "22": "P133",
        "23": "BT1",
        "24": "P132",
        "25": "BT2",
        "26": "P129",
        "27": "GND",
        "28": "P127",
        "29": "+3.3V",
        "30": "+3.3V",
        "31": "GND",
        "32": "P126",
        "33": "GND",
        "34": "P125",
        "35": "GND",
        "36": "P123",
        "37": "GND",
        "38": "P122",
        "39": "GND",
        "40": "P121"
    },
    "J8": {
        "1": "P147",
        "2": "P146",
        "3": "P145",
        "4": "N.C.",
        "5": "P141",
        "6": "N.C.",
        "7": "P140",
        "8": "N.C.",
        "9": "P139",
        "10": "N.C.",
        "11": "+5V",
        "12": "GND",
        "13": "P138",
        "14": "N.C.",
        "15": "P136",
        "16": "N.C.",
        "17": "P135",
        "18": "N.C.",
        "19": "P134",
        "20": "N.C.",
        "21": "P133",
        "22": "N.C.",
        "23": "P132",
        "24": "N.C.",
        "25": "P129",
        "26": "N.C.",
        "27": "P127",
        "28": "N.C.",
        "29": "+3.3V",
        "30": "GND",
        "31": "P126",
        "32": "N.C.",
        "33": "P125",
        "34": "N.C.",
        "35": "P123",
        "36": "N.C.",
        "37": "P122",
        "38": "N.C.",
        "39": "P121",
        "40": "N.C."
    }
}