<design name="GraphLCD">
 <port name="CS1" position="P7"/>
 <port name="CS2" position="P6"/>
 <port name="DB[0]" position="P5"/>
 <port name="DB[1]" position="P4"/>
 <port name="DB[2]" position="P9"/>
 <port name="DB[3]" position="P8"/>
 <port name="DB[4]" position="P16"/>
 <port name="DB[5]" position="P15"/>
 <port name="DB[6]" position="P11"/>
 <port name="DB[7]" position="P10"/>
 <port name="DI" position="P20"/>
 <port name="EN" position="P18"/>
 <port name="RST" position="P17"/>
 <port name="RW" position="P22"/>
 <port name="clk" position="P77"/>
 <port name="rst" position="P151"/>

</design>